Date,Open,High,Low,Close,SMAVG (12)  on Close,Volume,SMAVG (15),ATR(5) (KOSPI),RSI (14)  on Close (KOSPI)
2019-05-21,2066.53,2077.1,2051.69,2064.63,2158.71,640200000,1920013312,50.4969,39.8386
2019-05-19,2091.8,2101.09,2053.79,2055.8,2169.61,3060000000,1931924736,63.0402,38.7876
2019-05-12,2172.39,2179.51,2090.39,2108.04,2184.17,2400000000,1889924736,67.4354,42.9052
2019-05-05,2183.41,2217.03,2181.82,2196.32,2191.5,1750000000,1866591360,48.188,51.481
2019-04-28,2218.5,2229.75,2168.15,2179.31,2189.9,2560000000,1903924736,53.4219,49.6815
2019-04-21,2242.31,2252.05,2210.43,2216.15,2191.91,2520000000,1865924736,49.3329,53.6858
2019-04-14,2217.66,2233.45,2202.49,2233.45,2188.71,2010000000,1775257984,53.1892,55.6413
2019-04-07,2153.31,2216.15,2153.31,2209.61,2179.61,1830000000,1731924736,64.3039,53.4727
2019-03-31,2158.8,2159.25,2120.93,2140.67,2168.44,1620000000,1745257984,58.7158,46.4415
2019-03-24,2179.69,2200.32,2152.21,2186.95,2157.57,1570000000,1763924736,55.0637,51.2713
2019-03-17,2140.29,2181.77,2125.54,2176.11,2145.41,1640000000,1815924736,58.5406,50.1436
2019-03-10,2210.97,2216.02,2137.44,2137.44,2135.86,1620000000,1807257984,59.6958,46.0043
2019-03-03,2241.13,2241.76,2195.44,2195.44,2130.19,1480000000,1785257984,50.2537,52.0194
2019-02-24,2207.36,2234.68,2193.34,2230.5,2120.22,1870000000,1797924736,52.2205,56.1395
2019-02-17,2180.54,2225.85,2167.36,2196.09,2109.08,2230000128,1792591360,57.6609,52.7272
2019-02-10,2215.77,2215.79,2171.96,2177.05,2097.53,818870016,1774591360,57.2463,50.7589
2019-02-03,2184.41,2222.88,2162.53,2203.46,2090.48,2430000128,1847333376,63.9545,53.6353
2019-01-27,2133.87,2178.01,2106.74,2177.73,2080.69,2050000000,1780666624,65.7568,51.13
2019-01-20,2070.49,2124.5,2059.46,2124.28,2073.88,2310000128,1729333376,63.0002,45.4434
2019-01-13,2034.24,2076.99,2023.59,2075.57,2065.79,1990000000,1652666624,61.9802,39.4846
2019-01-06,2050.55,2053.45,1984.53,2010.25,2072.51,1160000000,1559806720,59.6003,29.9585
2018-12-30,2050.38,2059.94,2014.28,2041.04,2085.15,1360000000,1589806720,54.9405,32.1754
2018-12-23,2071.21,2080.65,2047.52,2061.49,2104.02,2030000000,1606473344,58.8058,33.7141
2018-12-16,2048.45,2104.43,2043.21,2069.38,2127.49,1900000000,1578473344,71.6438,34.3017
2018-12-09,2127.78,2136.64,2064,2075.76,2149.97,2350000128,1544473344,76.8557,34.7566
2018-12-02,2060.17,2136.74,2060.17,2096.86,2170.18,1510000000,1489139968,78.9637,36.2322
2018-11-25,2096.13,2111.39,2047.96,2057.48,2185.57,1290000000,1464473344,78.8155,31.1677
2018-11-18,2065.92,2103.11,2032.05,2092.4,2207.69,1670000000,1465806720,86.5083,33.3486
2018-11-11,2079.81,2120.88,2052.67,2086.09,2224.42,1790000000,1439139968,94.2324,32.5568
2018-11-04,2026.68,2096.63,1985.95,2096,2237.83,1960000000,1429806720,107.2436,33.1308
2018-10-28,2143.08,2163.21,2008.86,2027.15,2253.4,1910000000,1425806720,105.5255,24.5489
2018-10-21,2155.34,2182.77,2117.62,2156.26,2275.11,1430000000,1416473344,81.1132,31.6138
2018-10-14,2258.73,2273.71,2129.13,2161.85,2286.67,1280000000,1439139968,89.0949,31.9838
2018-10-07,2349.64,2352.11,2250.99,2267.52,2297.28,1160000000,1501806720,61.3523,40.2549
2018-09-30,2331.7,2356.62,2331.7,2343.07,2300.9,597100032,1597806720,41.4683,48.5986
2018-09-23,2314.55,2339.17,2287.42,2339.17,2295.05,1610000000,1696666624,49.7424,48.0828
2018-09-16,2277.35,2318.65,2271,2318.25,2293.96,1610000000,1718666624,48.7386,45.3512
2018-09-09,2317.93,2318.72,2264.9,2281.58,2297.21,1610000000,1830000000,49.2829,40.2329
2018-09-02,2297.32,2322.88,2289.41,2322.88,2307.41,1390000000,1898000000,44.9344,44.6016
2018-08-26,2257.35,2295.22,2244.59,2293.21,2318.14,1520000000,2010666624,50.6666,40.2754
2018-08-19,2266.43,2271.82,2218.09,2247.05,2330.28,1140000000,2069333376,50.685,32.6807
2018-08-12,2288.51,2308.6,2277.89,2282.79,2348.1,1310000000,2178666752,43.6775,35.9691
2018-08-05,2290.18,2312.65,2265.46,2287.68,2362.92,1270000000,2270000128,50.1612,36.4349
2018-07-29,2289.61,2297.16,2263.13,2294.99,2378.75,1650000000,2361999872,51.6468,37.1018
2018-07-22,2312.26,2319.39,2269.55,2289.19,2392.62,1900000000,2377333248,60.4553,36.242
2018-07-15,2276.92,2313.8,2262.77,2310.9,2409.55,1770000000,2416000000,65.763,38.0499
2018-07-08,2322.23,2327.59,2243.9,2272.87,2423.34,1770000000,2422666752,73.1294,32.5792
2018-07-01,2351.89,2361.39,2296.39,2326.13,2438.52,2220000000,2445333248,67.8491,36.806
2018-06-24,2404.68,2405.56,2320.76,2357.22,2447.14,2600000000,2418666752,69.2736,39.5902
2018-06-17,2454.25,2479.56,2403.97,2404.04,2454.53,2080000000,2376000000,61.5104,44.2735
2018-06-10,2444.62,2478.67,2432.81,2451.58,2455.59,1940000000,2322666752,54.4705,49.8314
2018-06-03,2465,2482.4,2399.58,2438.96,2459.12,3280000000,2315333376,58.7758,48.2293
2018-05-27,2464.07,2481.31,2444.77,2460.8,2460.83,2630000128,2168666624,46.7538,50.8381
2018-05-20,2482.97,2486.17,2444.67,2460.65,2455.94,3080000000,2149333248,51.8607,50.8211
2018-05-13,2468.45,2483.85,2428.79,2477.71,2455.18,2400000000,2098000000,57.041,52.7433
2018-05-06,2502.29,2516.57,2461.38,2461.38,2450.52,2780000000,2071333376,58.0315,51.0993
2018-04-29,2473.7,2508.13,2436.51,2492.4,2442.39,2680000000,2004000000,59.4521,54.4398
2018-04-22,2466.04,2490.57,2449.08,2476.33,2445.14,2649999872,1959333376,53.3683,52.9606
2018-04-15,2424.15,2458.99,2419.55,2455.07,2453.34,1880000000,1865333376,59.3074,51.0064
2018-04-08,2454.72,2467.52,2405.91,2429.58,2458.77,2480000000,1782655360,69.2411,48.6305
2018-04-01,2414.68,2458.24,2399.44,2445.85,2464.34,1870000000,1707321984,73.0566,50.0696
2018-03-25,2491.99,2508.71,2412.62,2416.76,2468.65,2110000000,1677988736,80.1849,47.4897
2018-03-18,2485.64,2497.8,2471.04,2493.97,2472.88,1820000000,1673321984,72.2324,54.4198
2018-03-11,2405.92,2476.43,2374.8,2459.45,2468.43,1960000000,1655988736,89.1736,51.4803
2018-03-04,2465.35,2480.79,2387.25,2402.16,2470.31,1280000000,1662655360,82.9454,46.1261
2018-02-25,2452.52,2455.12,2404.02,2451.52,2475.46,1830000000,1685321984,77.6481,50.5927
2018-02-18,2380.49,2426.63,2367.31,2421.83,2477.46,1080000000,1652655360,90.9222,47.7677
2018-02-11,2487.34,2503.99,2346.73,2363.77,2487.66,2340000000,1703321984,104.9533,41.7163
2018-02-04,2588.87,2607.1,2519.6,2525.39,2501.85,2310000128,1697988736,68.1,59.5495
2018-01-28,2516.9,2574.76,2488.44,2574.76,2503.31,2000000000,1625321984,58.4,67.7668
2018-01-21,2510.97,2532.08,2496.18,2520.26,2501.91,1770000000,1552957312,44.44,62.4563
2018-01-14,2510.7,2524.73,2482.15,2496.42,2499.94,2010000000,1517624064,48.7099,59.7637
2018-01-07,2474.86,2502.5,2465.94,2497.52,2499.37,1240000000,1483623936,51.7748,59.9479
2017-12-31,2447.67,2467.51,2411.48,2467.49,2497.38,639830016,1501624064,59.3821,56.5532
2017-12-24,2488.83,2498.67,2426.94,2440.54,2491.29,1350000000,1546301952,61.0582,53.2512
2017-12-17,2467.81,2514.61,2455.39,2482.07,2486.97,1430000000,1542968704,55.7223,59.749
2017-12-10,2486.72,2513.68,2452.4,2464,2478.97,2040000000,1536301952,53.9733,57.6617
2017-12-03,2544.74,2546.71,2472.75,2475.41,2468.95,1560000000,1463088000,50.32,59.4699
2017-11-26,2536.8,2553.22,2523.52,2544.33,2459.14,2060000000,1447754624,38.5,72.1622
2017-11-19,2548.27,2559.1,2511.76,2533.99,2445.32,1620000000,1402421376,42.9,71.3091
2017-11-12,2557.29,2559.93,2529.94,2542.95,2430.69,1340000000,1400421376,40.6799,73.1118
2017-11-05,2513.87,2561.63,2497.42,2557.97,2412.08,1840000000,1397088000,46.0248,76.1068
2017-10-29,2497.65,2500.33,2479.67,2496.63,2398.54,2260000000,1367754624,36.5373,71.7125
2017-10-22,2483.17,2490.94,2468.67,2489.54,2390.57,1220000000,1328421376,44.4758,71.1429
2017-10-15,2425.63,2479.73,2421.1,2473.62,2387.28,914529984,1369088000,55.5787,69.8783
2017-10-01,2388.77,2394.47,2365.34,2394.47,2382.36,1240000000,1412786048,40.7381,62.2381
2017-09-24,2390.58,2429.12,2381.81,2388.71,2381.15,1500000000,1444119296,46.5422,61.5796
2017-09-17,2354.86,2386.07,2354.35,2386.07,2381.41,1510000000,1453452672,46.1583,61.2923
2017-09-10,2316.89,2351.73,2314.31,2343.72,2380.78,1310000000,1494119296,48.0624,56.4406
2017-09-03,2376.38,2383.46,2332.85,2357.69,2382.29,1300000000,1524786048,50.4036,58.6941
2017-08-27,2363.38,2384.59,2351.96,2378.51,2384.29,1330000000,1558786048,50.3005,62.1268
2017-08-20,2336.02,2364.5,2327.8,2358.37,2383.73,941790016,1570119296,59.1357,60.0269
2017-08-13,2402.57,2412.13,2310.2,2319.71,2383.47,1330000000,1544470656,66.3086,55.6431
2017-08-06,2392.02,2434.47,2374.11,2395.45,2380.87,1380000000,1569137280,48.4979,69.5111
2017-07-30,2451.41,2453.17,2399.06,2400.99,2371.75,1590000000,1573137280,42.567,70.7081
2017-07-23,2427.76,2451.59,2419.17,2450.06,2358.44,1290000000,1611804032,36.7955,82.3744
2017-07-16,2386.3,2422.26,2378.04,2414.63,2338.05,1400000000,1686470656,36.7132,80.1822
2017-07-09,2397.66,2399.9,2372.83,2379.87,2317.25,1670000000,1759804032,32.9598,77.6496
2017-07-02,2381.09,2402.8,2377.88,2391.79,2296.84,1830000000,1760470656,35.9048,80.9434
2017-06-25,2364.02,2382.54,2346.19,2378.6,2276.83,1570000000,1760470656,41.3971,80.0749
2017-06-18,2370.69,2387.29,2350.37,2361.83,2258.63,1710000000,1789137280,43.9207,78.942
2017-06-11,2376.66,2385.15,2347.62,2381.69,2242.56,1640000000,1781804032,47.421,84.2073
2017-06-04,2362.59,2372.65,2332.16,2371.72,2224.47,2120000000,1787137280,52.3667,83.7005
2017-05-28,2300.68,2364.8,2292.95,2355.3,2201.6,1770000000,1751804032,58.305,82.8593
2017-05-21,2288.23,2309,2267.08,2288.48,2178.56,1810000000,1727137280,49.2975,78.7069
2017-05-14,2245.61,2323.22,2244.23,2286.02,2162.36,1500000000,1737137280,52.9863,78.5291
2017-05-07,2213.61,2241.24,2212.87,2241.24,2145.24,557059968,1725804032,38.4894,75.0003
2017-04-30,2175.5,2217.04,2166.83,2205.44,2131.39,1700000000,1863333376,39.8341,71.5263
2017-04-23,2140.87,2169.46,2133.82,2165.04,2120.37,1440000000,1904666624,33.7511,66.6734
2017-04-16,2148.83,2148.83,2117.82,2134.88,2113.58,2169999872,1933333376,32.8067,62.2083
2017-04-09,2166.04,2171.33,2142.51,2151.73,2107.81,2409999872,1880000000,32.2551,66.8551
2017-04-02,2161.17,2174.16,2153.14,2160.23,2101.57,2500000000,1814666624,33.9726,69.2791
2017-03-26,2160.32,2182.42,2151.51,2168.95,2092.31,1680000000,1758000000,40.4489,71.7576
2017-03-19,2102.37,2164.59,2100.91,2164.58,2080.43,1830000000,1720666624,45.2184,71.2794
2017-03-12,2073.2,2102.05,2067.68,2097.35,2069.71,2000000000,1673333376,34.2076,62.1175
2017-03-05,2095.47,2112.58,2072.09,2078.75,2065.12,1600000000,1620000000,34.1263,58.7359
2017-02-26,2084.16,2108.99,2077.13,2094.12,2060.61,1720000000,1620666624,30.9444,63.0549
2017-02-19,2074.94,2092.59,2068.16,2080.58,2050.32,1590000000,1638000000,30.4865,60.6904
2017-02-12,2085.73,2088.37,2052.29,2075.08,2041.48,1400000000,1636000000,33.5147,59.718
2017-02-05,2077.66,2092.45,2064.05,2073.16,2033.1,1960000000,1643333376,32.2321,59.3923
2017-01-29,2067.62,2088.6,2058.59,2083.59,2025.71,1330000000,1612666624,34.1482,61.9171
2017-01-22,2077.03,2091.02,2058.35,2065.61,2017.24,2620000000,1647333376,36.2172,59.1365
2017-01-15,2053.18,2087.14,2039.5,2076.79,2013.39,2320000000,1564000000,37.9909,61.7393
2017-01-08,2022.23,2051.84,2015.68,2049.12,2009.74,1870000000,1563333376,33.1664,57.4337
2017-01-01,2038.33,2044.43,2016.25,2026.46,2007.54,1370000000,1589333376,31.6695,53.4501
2016-12-25,2039.4,2053.46,2031.54,2035.9,2009.82,1430000000,1555353984,33.4142,55.4578
2016-12-18,2031.95,2044.42,2020.97,2042.24,2010.46,1650000000,1644687360,39.1614,56.788
2016-12-11,1965.71,2031.07,1960.65,2024.69,2011.45,1120000000,1650687360,47.0171,53.9487
2016-12-04,1976.58,1989.08,1966.42,1970.61,2009.34,1120000000,1679353984,35.3157,43.2857
2016-11-27,1971.03,1996.65,1962.42,1974.46,2014.94,1200000000,1705353984,41.6435,43.9585
2016-11-20,1982.93,1988.65,1967.21,1974.58,2020.26,1610000000,1742687360,45.3503,43.9783
2016-11-13,1997.58,2015.23,1931.07,1984.43,2025.51,1980000000,1760687360,57.3055,45.5407
2016-11-06,2011.29,2016.01,1973.58,1982.02,2031.49,1560000000,1750020608,43.8782,45.0975
2016-10-30,2037.19,2047.74,2002.29,2019.42,2037.19,1510000000,1765353984,42.8972,51.0878
2016-10-23,2028.93,2050.51,2011.81,2033,2037.07,1500000000,1794687360,41.6209,53.483
2016-10-16,2047.19,2060.78,2014.89,2022.66,2035.67,1850000000,1832687360,43.0813,51.8881
2016-10-09,2056.94,2070.43,2036.87,2053.8,2034.64,1370000000,1844020608,41.677,57.3907
2016-10-02,2052.76,2072.09,2031.13,2043.63,2031.6,2310000128,1923353984,45.7355,55.9748
2016-09-25,1997.43,2060.26,1997.1,2054.07,2024.89,2260000000,1914687360,48.1232,57.8058
2016-09-18,2003.67,2013.03,1991.47,1999.36,2019.32,860310016,1896020608,40.6047,49.8183
2016-09-11,2049.19,2073.89,2029.46,2037.87,2013.15,2769999872,2020000000,37.7071,56.8527
2016-09-04,2028.64,2049.99,2016.47,2038.31,2006.11,1740000000,2012666624,34.3456,56.938
2016-08-28,2054.37,2054.71,2027.68,2037.5,2004.39,1550000000,2077333376,34.7584,56.8273
2016-08-21,2056,2063.09,2032.53,2056.24,2000.08,1510000000,2112666624,37.8577,60.1499
2016-08-14,2025.55,2060.84,2018.81,2050.47,1992.82,1760000000,2078092032,41.5065,59.4725
2016-08-07,2024.71,2031.58,1993,2017.94,1984.26,1880000000,2098092032,40.8096,55.5131
2016-07-31,2014.74,2030.69,2006.63,2016.19,1980.01,1820000000,2108758656,41.9244,55.2949
2016-07-24,2018.22,2023.22,2002.66,2010.34,1976.72,1790000000,2091425280,50.8567,54.6039
2016-07-17,1979.36,2022.34,1977.81,2017.26,1975.37,1950000000,2100092032,66.0051,55.547
2016-07-10,1989.44,1997.37,1944.33,1963.1,1975.23,2070000000,2096092032,69.3876,49.1657
2016-07-03,1901.85,1993.98,1900.83,1987.32,1979.53,2020000000,2083425280,77.5614,52.2823
2016-06-26,1974.43,2001.55,1892.75,1925.24,1978.25,2560000000,2054758656,69.7671,43.8039
2016-06-19,2001.03,2001.79,1944.8,1953.4,1982.28,2180000000,1998092032,50.2507,47.3473
2016-06-12,1993.08,2035.27,1992.77,2017.63,1984.82,1980000000,1942092032,38.961,57.1365
2016-06-05,1969.72,1991.58,1955.49,1985.84,1982.69,2720000000,1907425280,33.7265,52.6359
2016-05-29,1954.26,1971.27,1937.67,1969.17,1981.49,2660000000,1836758656,32.5448,50.084
2016-05-22,1961.91,1975.1,1940.36,1947.67,1980.36,2710000128,1716553984,32.0172,46.6408
2016-05-15,1974.52,1989.17,1962.77,1966.99,1978.07,2080000000,1664553984,30.6559,49.4893
2016-05-08,1991.84,1991.84,1969.22,1976.71,1973.84,991379968,1639220608,32.7838,50.9427
2016-05-01,2016.05,2022.99,1983.3,1994.15,1962.05,2060000000,1697128704,36.7107,53.5637
2016-04-24,2001.35,2023.77,1998.49,2015.49,1955.69,2040000000,1660461952,35.221,56.8893
2016-04-17,1972.25,2016.95,1963.21,2014.71,1947.07,1560000000,1672461952,40.1915,56.7982
2016-04-10,1974.73,1980.43,1954.11,1972.05,1935.8,1920000000,1641795328,33.4173,51.6086
2016-04-03,1984.93,2009.1,1970.17,1973.57,1928.03,1890000000,1655128704,36.9659,51.8145
2016-03-27,1999.25,2003.12,1981.17,1983.81,1923.37,1880000000,1689795328,35.9839,53.141
2016-03-20,1985.74,2000.3,1966.44,1992.12,1921.49,1590000000,1692461952,43.0008,54.1863
2016-03-13,1961.26,1976.19,1935.55,1971.41,1921.37,1710000000,1746461952,47.5711,52.0013
2016-03-06,1921.76,1958.46,1916.66,1955.63,1921.7,1340000000,1774461952,51.0368,50.325
2016-02-28,1911.56,1929.53,1905.85,1920.16,1921.11,1460000000,1833795328,55.6552,46.4194
2016-02-21,1857.33,1916.24,1847.6,1916.24,1925.63,1660000000,1861128704,71.6428,45.9836
2016-02-14,1872.68,1877.77,1817.97,1835.28,1935.03,856929984,1905128704,66.9842,35.9999
2016-02-07,1919.62,1926.11,1882.75,1917.79,1947.91,1930000000,1992666624,50.5662,43.6315
2016-01-31,1890.15,1912.07,1862.98,1912.06,1952.54,1700000000,2110666624,54.1694,42.8503
2016-01-24,1856.03,1889.9,1830.06,1879.43,1963.29,1860000000,2192666624,56.7091,38.3306
2016-01-17,1897.18,1921,1873.35,1878.87,1975.79,1510000000,2246666752,55.1436,38.2528
2016-01-10,1954.47,1954.52,1883.82,1917.62,1989.25,2220000000,2296666624,58.8904,41.6281
2016-01-03,1990.59,1991.19,1946.21,1961.31,1998.64,1100000000,2392000000,49.5905,45.865
2015-12-27,1974.26,2009.99,1968.14,1990.65,2003.49,2120000000,2476666624,51.8958,48.9733
2015-12-20,1926.36,1987.83,1919.22,1975.32,2001.74,2409999872,2479333376,56.9187,47.2385
2015-12-13,1987.62,1988.04,1940.4,1948.62,1999.04,1920000000,2430666752,51.0731,44.1686
2015-12-06,2022.38,2026.33,1970.48,1974.4,2002.98,2400000000,2452666624,52.7896,46.5995
2015-11-29,1995.92,2038.72,1992.86,2028.99,2000.23,2130000000,2456000000,49.9294,52.2545
2015-11-22,1945.68,1993.97,1942.85,1989.86,1988.31,2230000128,2419333376,50.464,48.0591
2015-11-15,2038.59,2038.59,1969.71,1973.29,1983.96,1870000000,2386666496,50.1361,46.2003
2015-11-08,2033.15,2056.12,2028.2,2041.07,1975.86,2320000000,2429999872,39.5241,53.4684
2015-11-01,2049.41,2064.72,2027.8,2029.47,1971.06,2169999872,2549333248,45.3261,52.2753
2015-10-25,2032.36,2054.82,2019.53,2040.4,1969.46,3700000000,2609333248,49.5291,53.475
2015-10-18,2022.33,2038.06,2002.63,2030.26,1968.61,2929999872,2510666752,56.6487,52.5367
2015-10-11,1981.6,2020.19,1975.55,2019.53,1969.91,2670000128,2472000000,67.258,51.577
2015-10-04,1915.46,1986.01,1915.04,1969.68,1974.69,2260000000,2432000000,75.632,46.9498
2015-09-27,1973.24,1983.99,1932.49,1942.85,1979.81,3649999872,2404000000,77.963,44.2892
2015-09-20,1947.65,1996.47,1921.45,1995.95,1993.27,2369999872,2300000000,85.2145,48.7857
2015-09-13,1883.36,1962.11,1868.48,1941.37,2001.13,2160000000,2294000128,90.3118,43.2904
2015-09-06,1934.12,1941.49,1879.94,1886.04,2009.93,1680000000,2262666752,88.6527,36.919
2015-08-30,1860.03,1938.61,1800.75,1937.67,2023.78,2249999872,2294666752,102.204,40.9007
2015-08-23,1991.05,1991.05,1856.91,1876.07,2034.65,2449999872,2279333376,84.376,32.881
2015-08-16,2008.44,2021.81,1948.91,1983.46,2054.54,1580000000,2217333248,59.4939,42.1374
2015-08-09,2026.25,2038.41,2001.13,2010.23,2068.09,1740000000,2230000128,52.7909,45.0745
2015-08-02,2034.82,2055.95,2004.7,2030.16,2076.11,2520000000,2305333248,60.5463,47.3565
2015-07-26,2077.09,2088.24,2040.3,2045.96,2080.73,4110000128,2310666752,65.1945,49.1898
2015-07-19,2033.25,2101.22,2030.21,2076.79,2087.5,3070000128,2212666624,73.8217,52.9003
2015-07-12,2076.06,2089.86,1983.78,2031.17,2094.41,2220000000,2187333376,75.2276,47.4541
2015-07-05,2056.44,2110.81,2049.44,2104.41,2103.77,2350000128,2163333376,52.5264,57.3379
2015-06-28,2059.6,2097.01,2050.3,2090.26,2102.39,2070000000,2130666624,48.1046,55.6819
2015-06-21,2041.07,2057.71,2008.46,2046.96,2098.65,1840000000,2115333376,47.1318,50.1878
2015-06-14,2068.51,2080.03,2044.87,2052.17,2096.39,2090000000,2123333376,46.0727,50.8927
2015-06-07,2110.12,2110.88,2059.34,2068.1,2095.14,2280000000,2106666624,51.5291,53.0065
2015-05-31,2146.47,2148.7,2103.64,2114.8,2088.28,1690000000,1998364672,49.5637,59.7636
2015-05-24,2108.15,2146.1,2099.48,2146.1,2079.79,2160000000,1994364672,51.8154,64.9136
2015-05-17,2106.12,2134.36,2088.64,2106.5,2066.44,2020000000,1969698048,54.4131,60.9615
2015-05-10,2134.51,2139.3,2067.99,2085.52,2054.35,1520000000,1970364672,57.1996,58.6713
2015-05-03,2169.14,2169.14,2121.29,2127.17,2043.68,1770000000,1973698048,50.1444,65.7856
2015-04-26,2126.55,2189.54,2125.88,2159.8,2029.38,2870000128,1956364672,51.2917,72.1501
2015-04-19,2094.1,2144.76,2088.82,2143.5,2011.83,2600000000,1863031296,45.1075,70.8416
2015-04-12,2049.87,2089.09,2043.26,2087.76,1994.55,2640000000,1741766016,39.1612,65.7285
2015-04-05,2026.6,2046.9,2018.12,2045.42,1977.91,2689999872,1646432640,35.8268,60.8913
2015-03-29,2043.22,2046.97,2016.88,2019.8,1967.85,1860000000,1573766016,39.3501,57.5226
2015-03-22,1985.59,2047.13,1982.26,2037.24,1960.07,1860000000,1577099392,43.9802,60.8348
2015-03-15,2004.94,2005.81,1969.13,1985.79,1952.65,1840000000,1551099392,33.5353,53.5
2015-03-08,1996.72,2013.73,1988.33,2012.94,1948,1960000000,1528432640,28.398,58.9056
2015-03-01,1974.44,1993.43,1966.77,1985.8,1940.4,1840000000,1497099392,28.632,54.6525
2015-02-22,1960.03,1963.44,1952.33,1961.45,1940.46,655470016,1482432640,26.9579,50.3736
2015-02-15,1949.5,1957.5,1932.75,1957.5,1942.07,1630000000,1550734720,34.8819,49.658
2015-02-08,1947.91,1970.27,1940.74,1955.52,1942.69,1790000000,1567401344,39.9479,49.3179
2015-02-01,1928.26,1964.13,1924.14,1949.26,1941.82,2030000000,1577401344,45.1568,48.2922
2015-01-25,1902.81,1945.36,1900.26,1936.09,1941.04,1570000000,1550734720,47.7402,46.1638
2015-01-18,1918.18,1925.68,1885.62,1888.13,1943.4,1510000000,1530067968,42.9953,37.4589
2015-01-11,1921.96,1929.1,1876.27,1924.7,1946.53,1470000000,1518734720,44.4629,42.3019
2015-01-04,1937.27,1941.33,1909.67,1926.44,1944.53,781020032,1535401344,40.2794,42.5449
2014-12-28,1938.16,1954.77,1928.89,1948.16,1945.73,1210000000,1604000000,41.1742,45.5801
2014-12-21,1903.12,1930.08,1881.73,1929.98,1948.07,1600000000,1569738624,48.8212,42.3854
2014-12-14,1988.8,1990.04,1915,1921.71,1956.54,1910000000,1573072000,49.0569,40.9205
2014-12-07,1971.95,1989.17,1954.4,1986.62,1967.55,1470000000,1546405376,36.0653,50.2288
2014-11-30,1982.48,1994.82,1972.95,1980.78,1972.15,1500000000,1550405376,36.7129,49.2646
2014-11-23,1941.83,1974.41,1935.95,1964.84,1977.87,1490000000,1527072000,40.0794,46.6449
2014-11-16,1952.79,1974.69,1940.49,1945.14,1986.51,1620000000,1536405376,40.889,43.2842
2014-11-09,1959.66,1961.04,1923.05,1939.87,1995.81,1680000000,1545738624,43.9235,42.3827
2014-11-02,1933.91,1967.08,1924.37,1964.43,2006.09,1880000000,1533738624,45.1953,45.5134
2014-10-26,1918.84,1944.45,1911.03,1925.69,2011.64,1940000000,1513072000,46.438,38.9032
2014-10-19,1919.48,1940.21,1896.54,1900.66,2023.93,1630000000,1475072000,47.762,34.1072
2014-10-12,1987.89,1988.39,1931.88,1940.92,2035.03,1260000000,1450405376,49.453,38.6371
2014-10-05,2035.93,2036.44,1966.17,1976.16,2041.57,1340000000,1453738624,45.9245,43.3128
2014-09-28,2053.3,2053.3,2018.7,2031.64,2042.62,1720000000,1443072000,33.7519,52.6222
2014-09-21,2039.03,2063.26,2028.8,2053.82,2040.79,1810000000,1405738624,33.0677,57.185
2014-09-14,2046.97,2052.16,2034.13,2041.86,2035.34,696080000,1335367296,32.3716,55.2418
2014-09-07,2067.8,2072.59,2040.44,2049.41,2029.19,1650000000,1362295296,39.5425,56.7516
2014-08-31,2049.16,2088.86,2044.2,2068.54,2024.31,1510000000,1332962048,43.2386,60.6518
2014-08-24,2070.95,2082.21,2041.91,2056.7,2018.22,1530000000,1310295296,42.5278,59.0338
2014-08-17,2048.18,2073.42,2037.8,2063.22,2013.08,1150000000,1249673984,43.6418,60.3018
2014-08-10,2080.77,2083.05,2026.56,2031.1,2009.24,1630000000,1223227392,44.3027,55.9763
2014-08-03,2035.96,2093.08,2035.96,2073.1,2007.77,1760000000,1187894016,38.2091,64.511
2014-07-27,2028.02,2036.2,2016.42,2033.85,1998.06,1500000000,1139894016,27.6986,59.0994
2014-07-20,1998.26,2025.41,1993.57,2019.42,1991.86,1570000000,1112560640,31.6579,56.8534
2014-07-13,2007.53,2009.32,1985.53,1988.74,1987.88,1370000000,1083227392,29.1518,51.6069
2014-07-06,1996.13,2018.35,1987.89,2009.66,1989.17,1260000000,1069894016,31.6627,55.9117
2014-06-29,1975.1,1998.31,1971.61,1988.51,1988.15,1310000000,1066560640,32.2641,52.1659
2014-06-22,1986.86,2002.96,1965.12,1968.07,1988.12,1180000000,1066560640,33.2761,48.2178
2014-06-15,2004.73,2016.78,1984.04,1990.85,1989.2,1160000000,1057894016,30.9941,52.721
2014-06-08,1998.81,2008.56,1986.95,1995.48,1984.54,754430016,1052560640,30.1212,53.6669
2014-06-01,2016.21,2021.96,1988.44,1994.96,1978.24,1100000000,1074265344,34.3767,53.58
2014-05-25,2013.79,2022.59,2001.74,2017.17,1976.55,1210000000,1071598656,34.8051,57.8838
2014-05-18,1956.26,2015.37,1950.91,2013.44,1973.45,1170000000,1074931968,41.7827,57.3496
2014-05-11,1964.19,1964.19,1934.72,1956.55,1968.82,620680000,1052322688,30.444,48.0092
2014-05-04,1969.04,1976.56,1955.15,1959.44,1967.46,753299968,1098944000,30.9311,48.5103
2014-04-27,2006.21,2013.09,1971.66,1971.66,1964.38,1100000000,1142057344,35.6916,50.5835
2014-04-20,1993.81,2009.04,1984.98,2004.28,1961.84,1040000000,1144723968,32.8224,56.5766
2014-04-13,1984.29,2008.98,1977.61,1997.44,1956.53,1090000000,1113292672,37.2036,55.5512
2014-04-06,1988.73,2007.88,1973.05,1988.09,1952.12,1130000000,1099025280,40.1203,54.1777
2014-03-30,1937.06,1985.5,1936.62,1981,1947.99,1170000000,1105692032,42.7655,53.1586
2014-03-23,1921.15,1948.15,1919.37,1934.94,1945.08,1210000000,1104358656,38.8683,45.9
2014-03-16,1967.63,1967.66,1913.64,1919.9,1950.69,1310000000,1101692032,43.9124,43.2329
2014-03-09,1967.9,1983.53,1952.61,1974.68,1955.98,1050000000,1106358656,35.3485,51.8842
2014-03-02,1958.06,1981.15,1943.86,1979.99,1955,1080000000,1149692032,37.5628,52.8358
2014-02-23,1951.74,1957.83,1927.53,1957.83,1955.04,1080000000,1169025280,37.6992,49.2269
2014-02-16,1928.13,1946.81,1916.4,1940.28,1962.29,1060000000,1188358656,41.3988,46.1996
2014-02-09,1930.09,1931.81,1885.53,1922.5,1967.79,1260000000,1209692032,46.8932,43.0024
2014-02-02,1905.91,1941.71,1899.76,1941.15,1974.71,830860032,1227025280,42.5298,45.6444
2014-01-26,1945.99,1970.42,1924.49,1940.56,1978.36,1320000000,1257634688,42.8197,45.5461
2014-01-19,1947.38,1965.27,1939.31,1944.48,1986.59,1400000000,1240301312,41.2645,46.0599
2014-01-12,1947.62,1966.95,1931.16,1938.54,1994.09,1140000000,1216967936,48.5318,45.1899
2014-01-05,2004.32,2013.89,1936.15,1946.14,2003.58,568529984,1233634688,54.9027,46.0727
2013-12-29,1993.45,2009.96,1987.58,2002.28,2010.14,875990016,1229943296,43.4841,53.2019
2013-12-22,1960.6,1997.02,1956.63,1983.35,2009.7,1230000000,1268210688,51.9212,50.8191
2013-12-15,2000.52,2003.97,1947.44,1962.91,2012.07,1150000000,1282210688,57.6867,48.1733
2013-12-08,2050.45,2052.88,1971.44,1980.41,2015.62,1170000000,1319544064,58.2651,50.3257
2013-12-01,2020,2050.7,1998.9,2044.87,2016.78,1380000000,1365543936,46.6776,59.4039
2013-11-24,2014.24,2033.91,1985.65,2006.23,2009.32,1700000000,1364877312,44.1165,54.8727
2013-11-17,1995.86,2006.31,1963.42,2005.64,2002.66,1370000000,1348877312,42.0447,54.8012
2013-11-10,2035.08,2035.84,1984.86,1984.87,1991.37,1370000000,1372210688,41.6221,52.3313
2013-11-03,2037.28,2059.58,2030.09,2039.42,1985.98,1380000000,1391544064,35.1531,60.3777
2013-10-27,2054.16,2063.28,2023.82,2034.39,1972.75,1520000000,1414210688,37.9846,59.8491
2013-10-20,2026.07,2052.44,2019.65,2052.4,1963.5,1290000000,1408210688,37.2468,62.6269
2013-10-13,1997.17,2028.11,1981.21,2024.9,1951.7,1060000000,1436210688,39.4753,59.9942
2013-10-06,2002.02,2012.82,1985.63,1996.98,1938.91,1050000000,1458210688,35.7629,57.1484
2013-09-29,2000.72,2016.34,1988.87,2011.8,1928.33,1390000000,1486210688,40.0494,59.2249
2013-09-22,2011.69,2018.02,1994.31,2005.58,1913.45,513160000,1486877312,46.3392,58.6392
2013-09-15,1964.09,2017.48,1962.62,1994.32,1901.6,1450000000,1542666624,57.6538,57.6158
2013-09-08,1925.32,1962.15,1921.01,1955.31,1887.31,1440000000,1563333376,55.3957,53.9502
2013-09-01,1876.59,1926.37,1861.56,1926.36,1881.8,1710000000,1564666624,62.5236,51.0317
2013-08-25,1917.32,1923.42,1838.52,1870.16,1881.59,1860000000,1527333376,61.3804,44.7161
2013-08-18,1878.5,1927.59,1878.33,1920.11,1892.5,1370000000,1506666624,49.6206,50.0428
2013-08-11,1920.83,1925.6,1876.07,1880.71,1896.94,1460000000,1504000000,49.8009,45.2673
2013-08-04,1908.66,1939.28,1899.02,1923.38,1905.79,1720000000,1505333376,49.9364,50.0817
2013-07-28,1880.81,1915.97,1873.17,1910.81,1907.57,1660000000,1512000000,54.7746,48.5859
2013-07-21,1870.26,1894.7,1847.82,1871.41,1912.14,1720000000,1520000000,59.8819,43.6735
2013-07-14,1830.81,1877.6,1809.72,1869.98,1918.24,1430000000,1535333376,66.3828,43.4915
2013-07-07,1851.57,1867.18,1823.1,1833.31,1921.3,1710000000,1550000000,65.6342,38.7824
2013-06-30,1821.22,1864.09,1770.53,1863.32,1928.88,1390000000,1535333376,76.4113,41.4044
2013-06-23,1889.45,1900.63,1806.02,1822.83,1934.2,1470000000,1561333376,67.8369,35.9818
2013-06-16,1927.19,1934.92,1881.24,1889.24,1949.38,1400000000,1592666624,54.4504,41.8853
2013-06-09,1993.11,2000.56,1923.84,1923.85,1954.33,1350000000,1606666624,54.8355,45.4977
2013-06-02,1974.59,2013.29,1971.53,2001.05,1959.55,1760000000,1648000000,43.6483,55.3927
2013-05-26,1990.36,1998.7,1961.59,1973.45,1959.97,1460000000,1635333376,44.5924,51.9215
2013-05-19,1936.86,1991.98,1935.57,1986.81,1964.39,1150000000,1655333376,48.3336,53.8034
2013-05-12,1977.44,1983.64,1944.75,1944.75,1967.06,1550000000,1720000000,44.2954,48.3284
2013-05-05,1948.87,1968.04,1934.68,1965.71,1970.1,1330000000,1780000000,46.9981,51.1326
2013-04-28,1903.97,1951.86,1901.98,1944.56,1968.86,1480000000,1882666624,53.8171,48.323
2013-04-21,1916.06,1934.82,1888.3,1906.75,1969.96,1820000000,1958000000,55.7857,42.8705
2013-04-14,1927.04,1956.21,1901.96,1924.23,1973.29,1780000000,1918666624,60.4186,44.9045
2013-04-07,2009.94,2010.15,1916.77,1927.23,1978.59,1950000000,1899333376,63.5029,45.2466
2013-03-31,1968.85,2013.21,1968.14,2004.89,1984.38,1650000000,1889333376,48.5643,55.3902
2013-03-24,1974.71,1989.46,1946.05,1948.71,1984.97,1490000000,1912666624,40.5965,47.4812
2013-03-17,2000.57,2009.71,1978.57,1986.5,1989,1780000000,1937333376,39.1898,53.394
2013-03-10,2028.55,2033.89,1994.25,2006.01,1988.49,1940000000,1952000000,43.2147,56.784
2013-03-03,2022.51,2030.85,1991.96,2026.49,1987.58,1610000000,1946000000,45.002,60.5299
2013-02-24,1979.42,2029.44,1973.65,2018.89,1981.82,1970000000,2000000000,48.058,59.6118
2013-02-17,1958.46,1986.14,1943.63,1981.18,1974.66,1570000000,2051333376,44.1921,54.7638
2013-02-10,1968.95,1969.13,1928.75,1950.9,1968.84,1760000000,2076666624,45.0331,50.3172
2013-02-03,1940.33,1967.29,1930.37,1957.79,1961.33,2120000000,2122000000,47.3597,51.3844
2013-01-27,1987.96,2008.06,1934.89,1946.69,1956.88,2449999872,2146000000,52.5795,49.7913
2013-01-20,1993.82,2016.37,1964.62,1987.85,1954.55,2870000128,2138666624,42.2843,56.1238
2013-01-13,2012.15,2017.92,1984.16,1996.67,1946.52,2609999872,2065333376,37.5514,57.581
2013-01-06,2013.74,2042.48,2001.53,2011.94,1942.11,1230000000,2130666624,39.4471,60.0891
2012-12-30,1984.18,2002.67,1971.53,1997.05,1935.56,1490000000,2312666624,36.4557,58.4504
2012-12-23,1993.18,2006.08,1976.09,1980.42,1935.4,1800000000,2483333376,39.1135,56.6024
2012-12-16,1965.71,2002.78,1955.39,1995.04,1936.72,2000000000,2593333248,43.6753,58.7349
2012-12-09,1937.28,1963.06,1928.09,1957.45,1937.33,1860000000,2672000000,41.8179,54.6563
2012-12-02,1918.01,1941.84,1905.95,1932.9,1941.5,2000000000,2709333248,45.2418,51.7651
2012-11-25,1869.76,1911.33,1869.23,1911.33,1941.23,1850000000,2676000000,49.9178,49.1182
2012-11-18,1899.3,1904.97,1856.81,1860.83,1940.71,2420000000,2677999872,49.6266,42.2257
2012-11-11,1905.46,1937.55,1879.06,1904.41,1945.63,2740000000,2617999872,50.36,47.3673
2012-11-04,1901.83,1921.98,1884.77,1918.72,1949.14,1950000000,2586666752,46.295,49.1938
2012-10-28,1910.98,1944.38,1890.15,1891.43,1951.44,2440000000,2592666624,50.8375,45.4704
2012-10-21,1927.82,1965.53,1921.32,1943.84,1947.88,2480000000,2540666624,49.1413,52.3063
2012-10-14,1994.05,1994.05,1919.82,1933.26,1938.32,2340000000,2483333376,51.6069,50.9233
2012-10-07,1998.52,2007.84,1983.03,1995.17,1929.13,1770000000,2430666752,39.7353,60.4478
2012-09-30,1996.42,2005.45,1968.85,1996.21,1913.94,3590000128,2433999872,47.198,60.6247
2012-09-23,2005.54,2012.74,1987.94,2002.37,1902.44,3960000000,2344000000,52.497,61.6163
2012-09-16,1934.63,2008.97,1912.47,2007.58,1890.07,4049999872,2181333248,66.3455,62.4181
2012-09-09,1909.06,1929.58,1873.49,1929.58,1876.73,3449999872,2013333376,51.2683,54.1178
2012-09-02,1909.02,1931,1896.84,1905.12,1870.77,3180000000,1922000000,48.8574,50.9642
2012-08-26,1944.67,1961.07,1913.75,1919.81,1864.98,2420000000,1866000000,56.2061,52.9955
2012-08-19,1945.33,1964.07,1932.4,1946.54,1857.88,1500000000,1868666624,60.6492,56.8222
2012-08-12,1883.62,1948.05,1881.66,1946.4,1847.68,1880000000,1954666624,75.1388,56.8071
2012-08-05,1847.01,1896.83,1841.4,1848.68,1834.02,1520000000,2028666752,63.0232,44.0727
2012-07-29,1799.24,1829.16,1758.99,1829.16,1839.72,2270000128,2074666624,60.6998,40.8373
2012-07-22,1820.34,1835.64,1790.36,1822.93,1853.05,2040000000,2050000000,55.9647,39.8053
2012-07-15,1840.3,1845.94,1773.67,1812.89,1865.76,1660000000,2094666624,61.307,38.1918
2012-07-08,1864.73,1881.68,1850.1,1858.2,1879.23,1620000000,2150666752,49.6955,43.0244
2012-07-01,1842.76,1854.01,1795.16,1854.01,1891.79,1550000000,2220000000,58.7533,42.3985
2012-06-24,1892.91,1908.19,1843.57,1847.39,1906.38,1820000000,2270666752,58.7049,41.455
2012-06-17,1860.9,1871.48,1840.1,1858.16,1920.27,2240000000,2315333376,55.7474,42.5068
2012-06-10,1782.58,1854.59,1776.85,1835.64,1934.32,1520000000,2318666752,65.7011,39.5278
2012-06-03,1821.63,1851.94,1813.01,1834.51,1950.89,1530000000,2465999872,59.6817,39.3814
2012-05-27,1801.48,1831.78,1788.33,1824.17,1966.2,2080000000,2569333248,70.0576,38.1088
2012-05-20,1917.26,1921.65,1779.47,1782.46,1983.74,2340000000,2624000000,80.4263,32.8261
2012-05-13,1956.06,1969.64,1915.69,1917.13,2003.53,2460000000,2638666752,49.5494,44.1151
2012-05-06,1989.52,2001.11,1975.46,1989.15,2012.39,2790000128,2556666624,37.5941,53.2007
2012-04-29,1971.39,1983.26,1954.01,1975.35,2012.77,2990000128,2505999872,43.5112,51.4205
2012-04-22,1985.28,2014.95,1970.54,1974.65,2012.52,2209999872,2452000000,50.6418,51.3333
2012-04-15,2008.03,2011.37,1969.09,2008.91,2011.7,1900000000,2456000000,53.7577,55.8926
2012-04-08,2022.42,2051.8,1997.12,2029.03,2006.78,2710000128,2441999872,50.6666,58.7374
2012-04-01,2035.17,2043.75,2002.61,2014.04,1994,2500000000,2425333248,48.6598,57.2314
2012-03-25,2040.07,2055.34,2013.72,2026.83,1979.76,2660000000,2402666752,52.4197,58.9357
2012-03-18,2018.73,2057.28,2001.5,2034.44,1963.01,2310000128,2353333248,57.8195,59.9215
2012-03-11,2028.97,2030.57,1966.69,2018.3,1949.07,2489999872,2321333248,58.8393,58.5562
2012-03-04,2013.61,2046.82,1987.74,2034.63,1934.21,2289999872,2260000000,54.2889,60.4922
2012-02-26,2041.51,2047.43,1998.39,2019.89,1920.89,3729999872,2226666752,51.8933,59.3662
2012-02-19,2000.66,2031.4,1991.28,2023.47,1912.23,3080000000,2104000000,53.32,59.7503
2012-02-12,1994.21,2014.62,1964.77,1993.71,1891.64,2900000000,2034666624,59.92,57.6346
2012-02-05,1956.63,1993.88,1936.14,1972.34,1878.76,2560000000,1977333376,64.9549,56.0959
2012-01-29,1947.74,1973.35,1945.14,1964.83,1869.69,1230000000,1922666624,68.5624,55.5692
2012-01-22,1860.77,1952.09,1843.86,1949.89,1866.65,2030000000,1961333376,88.7387,54.5625
2012-01-15,1832.04,1881.84,1810.48,1875.68,1864.95,2180000000,1914666624,78.993,49.2594
2012-01-08,1831.69,1884.69,1814.55,1843.14,1861.84,2270000128,1892000000,82.8095,46.7278
2012-01-01,1873.07,1873.79,1806.88,1825.74,1861.2,1690000000,1851333376,89.1443,45.3746
2011-12-25,1829.49,1872.31,1750.6,1867.22,1855.7,2460000000,1816000000,100.2615,48.0781
2011-12-18,1902.75,1903.19,1817.61,1839.96,1847.57,2160000000,1791333376,89.5372,46.119
2011-12-11,1928.46,1929.18,1872.67,1874.75,1835.7,1920000000,1793333376,91.5158,48.2777
2011-12-04,1804.8,1926.33,1795.39,1916.04,1832.81,1830000000,1796666624,109.0187,50.9035
2011-11-27,1833.9,1833.9,1766.73,1776.4,1824.21,1570000000,1798666624,88.5631,40.7903
2011-11-20,1889.33,1911.33,1832.17,1839.17,1831.83,1790000000,1870666624,96.6246,44.6273
2011-11-13,1932.95,1932.95,1813.25,1863.45,1826.81,1890000000,1876666624,105.3569,46.1879
2011-11-06,1922.31,1941.32,1859.83,1928.41,1816.93,2040000000,1857333376,98.1854,50.5822
2011-10-30,1858.26,1963.74,1858.23,1929.48,1805.67,2040000000,1840000000,106.5331,50.6559
2011-10-23,1855.72,1870.5,1804.11,1838.38,1806.86,1740000000,1798000000,97.1196,44.2306
2011-10-16,1763.3,1839.19,1761.68,1835.4,1831.43,1810000000,1784000000,112.4844,44.0091
2011-10-09,1683.94,1765.43,1658.06,1759.77,1859.41,1330000000,1754000000,129.0166,38.2285
2011-10-02,1720.5,1774.29,1644.11,1769.65,1891.53,1840000000,1754000000,137.7299,38.7133
2011-09-25,1818.9,1869.77,1697.39,1697.44,1925.76,1660000000,1709333376,141.5048,32.9415
2011-09-18,1804.09,1844.52,1742.91,1840.1,1961.45,1160000000,1670666624,126.0672,39.8215
2011-09-11,1829.3,1858.05,1744.03,1812.93,1982.34,2090000000,1681333376,138.2958,37.5135
2011-09-04,1807.6,1928.4,1787.29,1867.75,2000.59,2190000128,1640666624,145.5837,40.4177
2011-08-28,1756.59,1803.77,1704.54,1778.95,2015.5,1970000000,1588000000,143.6506,32.565
2011-08-21,1850.53,1906.61,1744.86,1744.88,2043.38,1860000000,1550666624,165.8608,29.2427
2011-08-14,1916.57,1939.92,1684.68,1793.31,2072.99,2649999872,1521333376,167.9163,31.2766
2011-08-07,2160.09,2173.28,1920.67,1943.75,2099.51,1880000000,1474000000,122.3394,39.1264
2011-07-31,2154,2174.73,2133.21,2133.21,2114.2,1600000000,1476000000,57.2041,55.3804
2011-07-24,2149.97,2171.24,2121.73,2171.23,2115.39,1780000000,1482666624,65.0462,60.0272
2011-07-17,2167.94,2171.29,2105.24,2145.2,2117.15,1410000000,1486000000,72.8143,57.7748
2011-07-10,2143.24,2192.83,2141.98,2180.35,2121.54,1530000000,1492666624,71.6663,62.1673
2011-07-03,2076.01,2131.67,2058.4,2125.74,2118.21,1360000000,1492000000,73.9545,57.5066
2011-06-26,2034.35,2090.82,2015.86,2090.81,2118.4,1330000000,1512666624,74.2967,54.1519
2011-06-19,2030.54,2091,2008.84,2031.93,2120.92,1170000000,1519333376,73.965,47.6877
2011-06-12,2093.45,2109.11,2045.24,2046.67,2122.76,1080000000,1514000000,69.8675,49.3036
2011-06-05,2115.27,2152.95,2085.75,2113.47,2117.3,1320000000,1546666624,70.6862,57.5033
2011-05-29,2100.44,2111.36,2030.68,2100.24,2104.14,1480000000,1571333376,72.4294,56.1625
2011-05-22,2104.67,2143.41,2084.06,2111.5,2096.17,1400000000,1576000000,68.2341,57.5987
2011-05-15,2157.95,2166.63,2103.06,2120.08,2083.83,1410000000,1523447296,72.6763,58.6601
2011-05-08,2203.09,2229.09,2133.97,2147.45,2074.92,1420000000,1553447296,77.2295,62.0469
2011-05-01,2205.2,2231.47,2177.8,2192.36,2060.73,1940000000,1594114048,68.2842,68.0315
2011-04-24,2146.83,2211.36,2111.6,2197.82,2050.71,1910000000,1599447296,75.5913,68.7805
2011-04-17,2127.2,2142.71,2081.98,2140.5,2043.21,1700000000,1597447296,63.5069,65.0273
2011-04-10,2124.37,2136.29,2103.82,2127.97,2037.33,1830000000,1565447296,64.8954,64.1526
2011-04-03,2054.28,2121.02,2043.99,2121.01,2035.68,1510000000,1560780672,81.1081,63.6841
2011-03-27,1985.47,2060.29,1985.15,2054.04,2032.78,1520000000,1602114048,83.1472,58.8825
2011-03-20,1949.08,1988.04,1882.09,1981.13,2032.53,1670000000,1660780672,85.1407,52.5387
2011-03-13,1996.48,2016.68,1949.32,1955.54,2036.56,1430000000,1677447296,74.7361,50.0259
2011-03-06,1954.4,2008.89,1921.34,2004.68,2042.46,1090000000,1710780672,78.4241,55.241
2011-02-27,2014.15,2014.98,1941.15,1963.43,2040.92,1570000000,1736114048,73.8611,51.2822
2011-02-20,1999.09,2029.99,1959.71,2013.14,2040.4,1690000000,1748114048,73.8766,56.9153
2011-02-13,2102.76,2107.83,1975.47,1977.19,2031.12,1550000000,1752114048,75.6749,53.4841
2011-02-06,2080.6,2089.72,2069.73,2072.03,2028.1,611710016,1773447296,47.3323,66.4474
2011-01-30,2067.32,2121.06,2064,2107.87,2014.86,1860000000,1860666624,51.9284,72.6243
2011-01-23,2112.37,2119.24,2066.82,2069.92,2000.79,2030000000,1851333376,49.3626,69.8704
2011-01-16,2082.29,2109.34,2059.67,2108.17,1985.2,2020000000,1842000000,47.8339,77.1322
2011-01-09,2063.69,2096.65,2054.83,2086.2,1967.63,1880000000,1828000000,46.9157,75.7902
2011-01-02,2024.56,2052.97,2018.75,2051,1952.31,1220000000,1737059328,47.5486,73.4743
2010-12-26,2008.14,2045.39,1996.44,2029.6,1939.48,1760000000,1773059328,54.2129,71.96
2010-12-19,1993.42,2027.55,1983.93,2026.3,1926.74,2130000000,1767059328,56.8444,71.7289
2010-12-12,1961.23,1991.96,1946.35,1986.14,1911.77,2400000000,1721059328,63.4566,68.8255
2010-12-05,1904.95,1960.61,1880.58,1957.26,1898.53,1920000000,1669059328,72.3799,66.5302
2010-11-28,1947.01,1954.78,1882.52,1901.8,1885.64,1930000000,1662392704,68.5548,61.4718
2010-11-21,1918.69,1940.96,1875.34,1940.96,1875.49,1470000000,1641059328,66.7021,68.2332
2010-11-14,1946.76,1976.46,1899.49,1913.12,1857.88,1750000000,1655725952,67.2432,65.7459
2010-11-07,1889.57,1966.99,1880.25,1938.96,1846.41,1750000000,1654392704,62.3798,70.5036
2010-10-31,1902.51,1924.61,1875.31,1882.95,1830.35,1870000000,1653725952,50.1998,65.475
2010-10-24,1904.57,1904.79,1837.08,1897.31,1822.09,1920000000,1666392704,50.6497,68.2448
2010-10-17,1908.55,1909.01,1857.93,1902.29,1810.59,1720000000,1660392704,42.1195,69.1873
2010-10-10,1884.49,1906.02,1868.89,1897.07,1798.58,1890000000,1661725952,37.6392,68.7675
2010-10-03,1856.42,1884,1851.97,1876.73,1785.36,1810000000,1654392704,37.8938,67.1479
2010-09-26,1821.52,1846.6,1818.6,1846.6,1772.55,515889984,1651059328,38.1407,64.6245
2010-09-19,1812.03,1828.54,1807.59,1827.35,1757.98,1760000000,1721333376,43.2111,62.9356
2010-09-12,1791.76,1808.18,1770.78,1802.58,1749.86,1670000000,1684000000,51.8366,60.6933
2010-09-05,1749.02,1786.04,1736.23,1780.02,1742.3,1440000000,1690666624,59.0548,58.5738
2010-08-29,1780.59,1788.71,1719.2,1729.56,1733.58,1620000000,1706000000,60.3423,53.3493
2010-08-22,1735.36,1781.07,1716.86,1775.54,1728.13,1820000000,1739333376,55.7584,59.7223
2010-08-15,1779.38,1794.55,1721.75,1746.24,1715.4,1610000000,1731333376,51.5326,56.6587
2010-08-08,1771.38,1797.42,1767.6,1783.83,1703.23,1690000000,1764666624,40.8989,62.3043
2010-08-01,1760.1,1778.72,1754.58,1759.33,1695.88,1730000000,1812666624,42.3033,59.8852
2010-07-25,1719.14,1760.62,1717.97,1758.06,1686.56,1740000000,1834666624,51.3849,59.7609
2010-07-18,1731.73,1764.81,1724.6,1738.45,1685.18,2060000000,1856000000,55.7523,57.89
2010-07-11,1675.43,1723.14,1650.3,1723.01,1685.06,1830000000,1828000000,62.7284,56.4083
2010-07-04,1734.53,1739.97,1664.54,1671.82,1686.02,1740000000,1834000000,57.6727,51.1123
2010-06-27,1728.37,1741.48,1719.08,1729.84,1690.41,1780000000,1873333376,48.794,58.6059
2010-06-20,1683.29,1712.35,1681.95,1711.95,1689.88,1760000000,1914666624,58.4261,56.7922
2010-06-13,1628.06,1681.7,1618.57,1675.34,1688.69,1570000000,1900000000,69.1341,52.8679
2010-06-06,1625.08,1670.94,1621.09,1664.13,1689.59,1200000000,1914000000,72.1361,51.6185
2010-05-30,1589.83,1630.18,1532.68,1622.78,1689.47,1770000000,1922000000,83.2792,46.787
2010-05-23,1668.57,1673.01,1591.93,1600.18,1690.46,1670000000,1936666624,76.1688,43.9461
2010-05-16,1661.61,1700,1654.41,1695.63,1689.99,2120000000,1966000000,62.4032,55.5839
2010-05-09,1735.68,1740.15,1625.83,1647.5,1681.51,1700000000,1995333376,67.3549,49.297
2010-05-02,1745.98,1757.76,1714.53,1741.56,1677.03,2110000000,2058666624,43.1673,66.3365
2010-04-25,1708.39,1748.46,1700.69,1737.03,1662.49,2409999872,2051333248,43.1359,65.808
2010-04-18,1730.37,1747.38,1699.58,1734.49,1651.27,2060000000,2022000000,40.8188,65.5261
2010-04-11,1728.27,1737.45,1710.11,1724.47,1647.09,2060000000,1953333376,37.3282,64.4529
2010-04-04,1681.99,1725.39,1681.44,1723.49,1645.21,1640000000,1913333376,42.3224,64.3522
2010-03-28,1678.51,1699.94,1664.88,1697.72,1642.85,1920000000,1922666624,41.5085,61.7007
2010-03-21,1663.86,1687.7,1642.86,1686.11,1641.61,2329999872,1920000000,44.7328,60.4707
2010-03-14,1653.54,1672.48,1649.67,1662.74,1641.29,2400000000,1864666624,44.6792,57.9463
2010-03-07,1612.43,1634.57,1608.97,1634.57,1639.98,1540000000,1811333376,48.0638,54.7089
2010-02-28,1617.16,1630.51,1580.7,1594.58,1641.85,1780000000,1798666624,52.1007,49.5937
2010-02-21,1589.97,1631.71,1586.87,1593.9,1644.36,1320000000,1768666624,53.246,49.5037
2010-02-14,1565.24,1600.41,1548.78,1593.66,1638.58,1990000000,1766666624,57.449,49.4741
2010-02-07,1603.87,1619.37,1560.99,1567.12,1640.82,2110000000,1742666624,60.3585,46.2402
2010-01-31,1662.77,1681.83,1595.39,1602.43,1641.23,2560000000,1717333376,61.3478,50.2105
2010-01-24,1696.14,1723.22,1665.6,1684.35,1638.73,2649999872,1676666624,47.5417,61.6058
2010-01-17,1700.79,1705.73,1671.11,1701.8,1630.09,2000000000,1626000000,42.5025,64.5014
2010-01-10,1681.71,1707.9,1668.84,1695.26,1624.96,1970000000,1584666624,46.4438,63.9111
2010-01-03,1695.19,1695.33,1661.11,1682.77,1620.38,1030000000,1603333376,50.1357,62.8145
2009-12-27,1646.32,1687.08,1637.23,1682.34,1617.38,1460000000,1700000000,58.0935,62.7783
2009-12-20,1662.74,1670.1,1632.09,1647.04,1614.24,1780000000,1769333376,62.2153,59.7987
2009-12-13,1633.3,1664.05,1609.81,1656.9,1617.94,1880000000,1817333376,74.318,61.0666
2009-12-06,1547.65,1629.8,1541.09,1624.76,1621.51,1500000000,1844666624,84.357,58.3966
2009-11-29,1623.8,1630.41,1519.4,1524.5,1623.76,1600000000,1921333248,73.8855,48.0833
2009-11-22,1577.63,1625.35,1566.83,1620.6,1630.79,1350000000,1994666624,55.3232,61.6956
2009-11-15,1577.92,1603.01,1561.93,1571.99,1629.73,1330000000,2073333376,53.7248,55.8211
2009-11-08,1543.24,1579.93,1543.24,1572.46,1630.48,1290000000,2136666624,60.0472,55.8981
2009-11-01,1634.33,1663.03,1564.41,1580.69,1632.06,1630000000,2228666624,71.3458,57.18
2009-10-25,1633.34,1665.65,1614.85,1640.17,1631.67,1730000000,2258666752,57.7086,67.5814
2009-10-18,1660.19,1672.08,1614.46,1640.36,1624.77,1950000000,2286666752,61.1629,67.6178
2009-10-11,1622.1,1648.98,1590.47,1646.79,1613.29,1890000000,2307333376,62.9344,68.7848
2009-10-04,1678.57,1704.24,1629.55,1644.63,1596.06,1380000000,2328000000,65.1466,68.6158
2009-09-27,1700.56,1723.17,1662.52,1691.48,1578.06,2249999872,2390666752,60.3749,77.0105
2009-09-20,1653.17,1713.22,1628.96,1699.71,1555.44,2480000000,2406000128,60.2374,78.5786
2009-09-13,1618.79,1653.77,1601.04,1651.7,1530.01,2500000000,2444666624,48.2261,75.9229
2009-09-06,1607.61,1624.34,1580.28,1608.9,1507.65,2500000000,2506666752,45.9741,73.1692
2009-08-30,1604.31,1616.29,1590.98,1607.94,1492.62,2289999872,2577333248,46.9312,73.1052
2009-08-23,1588.73,1590.15,1530.65,1580.98,1474.85,2649999872,2662666752,52.7417,71.3194
2009-08-16,1585.35,1594.46,1552.51,1591.41,1459.43,2700000000,2685333248,48.7326,73.0621
2009-08-09,1561.94,1586.12,1546.5,1576,1443.79,2530000128,2686000128,52.1239,72.1277
2009-08-02,1510.75,1559.07,1505.85,1557.29,1428.43,2280000000,2740666624,58.3759,70.9934
2009-07-26,1447.85,1510.82,1447.11,1502.59,1416.33,2670000128,2861333248,59.3238,67.3904
2009-07-19,1426.31,1445.6,1377.6,1440.1,1405.23,2080000000,2948000000,53.6257,62.4416
2009-07-12,1419.17,1443.81,1412.68,1428.62,1398.07,2150000128,3006666752,46.4385,61.4434
2009-07-05,1399.64,1420.04,1381.09,1420.04,1389.76,2260000000,3047333376,54.0928,60.7189
2009-06-28,1381.85,1404.01,1350.31,1394.53,1382.76,2200000000,3069333248,61.6642,58.5696
2009-06-21,1427.75,1427.75,1369.76,1383.34,1373.53,2320000000,3102000128,65.6463,57.6252
2009-06-14,1394.23,1436.23,1371.52,1428.59,1361.38,2480000000,3108666624,69.0544,63.0193
2009-06-07,1394.92,1437.76,1373.24,1394.71,1339.91,3060000000,3128666624,71.2267,60.445
2009-05-31,1393.99,1414.14,1315.21,1395.89,1317.52,3430000128,3116666624,74.58,60.5814
2009-05-24,1385.71,1436.92,1366.58,1403.75,1289.11,3560000000,3053333248,62.4049,61.4389
2009-05-17,1416.42,1420.31,1380.91,1391.73,1260.72,3569999872,2963333376,58.4374,60.648
2009-05-10,1386.02,1415.48,1381.12,1412.13,1233.57,2990000128,2799333376,67.956,62.6738
2009-05-03,1358.2,1377.82,1298.86,1369.36,1215.27,2710000128,2709333248,78.874,60.0777
2009-04-26,1331.76,1375.8,1303.22,1354.1,1202.01,3350000128,2648000000,78.8311,59.136
2009-04-19,1341.74,1371.28,1305.16,1329,1186.01,4089999872,2580666624,81.9566,57.6089
2009-04-12,1292.42,1355.69,1260.73,1336.04,1166.37,3969999872,2375333376,89.8749,58.1751
2009-04-05,1239.8,1292.6,1196.4,1283.75,1149.64,2960000000,2220000000,87.3324,55.1337
2009-03-29,1179.6,1256.7,1179.13,1237.51,1141.07,2760000000,2222666752,82.8986,52.2845
2009-03-22,1126.09,1186.91,1119.33,1170.94,1134.4,2590000128,2224000000,81.4678,47.8579
2009-03-15,1068.98,1147.83,1052.41,1126.03,1129.97,2689999872,2205999872,88.4117,44.6407
2009-03-08,1044.28,1074.56,992.69,1055.03,1134.55,2420000000,2198666752,84.9076,39.127
2009-03-01,1058.54,1100.45,1036.67,1063.03,1138.62,2780000000,2185333248,86.4263,39.5391
2009-02-22,1183.52,1199.5,1056.34,1065.95,1135.71,2880000000,2195333376,97.7495,39.6807
2009-02-15,1224.44,1227.73,1162.57,1192.44,1136.55,2480000000,2234666752,75.0443,46.3602
2009-02-08,1145.87,1210.26,1136.37,1210.26,1120.83,2209999872,2298666752,79.9865,47.404
2009-02-01,1123.23,1179.15,1122.33,1162.11,1110.66,1110000000,2283333376,83.0347,44.2548
2009-01-25,1146.09,1159.88,1085.72,1093.4,1108.36,1640000000,2344000000,81.677,39.4507
2009-01-18,1170.69,1184.52,1108.15,1135.2,1110,1790000000,2368666624,85.4355,41.4695
2009-01-11,1180.98,1228.56,1166.66,1180.96,1093.63,2340000000,2343333376,89.9682,43.7452
2009-01-04,1109.4,1157.4,1084.26,1157.4,1093.6,1010000000,2330666752,99.3723,42.2296
2008-12-28,1189.85,1201.14,1108.86,1117.86,1100.61,1640000000,2374666752,112.4885,39.6977
2008-12-21,1138.42,1196.37,1137.05,1180.97,1125.76,3000000000,2394666752,122.5927,42.4554
2008-12-14,1041.41,1166.27,1037.64,1103.82,1150.37,2780000000,2309999872,137.614,37.5293
2008-12-07,1074,1083.01,997,1028.13,1179.7,2320000000,2198666752,137.3511,32.2454
2008-11-30,996.23,1084.03,966.28,1076.07,1217.18,2580000000,2127333376,163.0216,33.9335
2008-11-23,1074.33,1104.66,914.02,1003.73,1244.54,2220000000,2021020032,185.6574,28.7038
2008-11-16,1152.26,1165.57,1040.34,1088.26,1283.75,2929999872,1953686656,183.1661,31.4008
2008-11-09,1117.13,1217.82,1038.72,1134.49,1317.8,3469999872,1841020032,212.1341,32.9742
2008-11-02,937.18,1158.66,892.16,1113.06,1354.28,3440000000,1710353280,228.6512,31.4967
2008-10-26,1195.9,1232.73,925.57,938.75,1392.25,1980000000,1579686656,209.7268,17.813
2008-10-19,1272.95,1367.7,1166.88,1180.67,1445.17,2020000000,1553686656,161.0102,23.9883
2008-10-12,1389.68,1389.68,1178.51,1241.47,1479.94,2010000000,1517020032,141.1053,26.0998
2008-10-05,1491.11,1496.3,1376.72,1419.65,1502.32,1410000000,1491686656,91.088,34.3211
2008-09-28,1472.08,1503.83,1445.5,1476.33,1514.64,2150000128,1517020032,76.842,37.842
2008-09-21,1381.24,1464.59,1366.88,1455.78,1523.11,1670000000,1483020032,86.098,35.6184
2008-09-14,1437.59,1481.41,1430.05,1477.92,1542.16,1940000000,1438353280,73.627,36.9405
2008-09-07,1453.14,1456.69,1392.55,1404.38,1563.25,1730000000,1404353280,71.9255,28.7881
2008-08-31,1505.13,1510.98,1466.46,1474.24,1591.83,1110000000,1399686656,67.0432,32.4936
2008-08-24,1579.13,1582.76,1477.55,1496.91,1621.67,1250000000,1411020032,78.3048,33.8048
2008-08-17,1592.3,1597.31,1553.65,1572.19,1651.27,985299968,1413686656,64.8522,38.6086
2008-08-10,1567.01,1582.51,1531.52,1568.72,1672.58,1210000000,1424666624,75.4483,38.2329
2008-08-03,1609.57,1611.15,1542.89,1573.77,1699.26,1240000000,1464666624,87.6775,38.5517
2008-07-27,1530.68,1627.87,1530.05,1597.93,1720.08,1510000000,1465333376,97.3862,40.0348
2008-07-20,1562.88,1581.7,1488.75,1509.99,1740.95,1480000000,1433333376,87.1393,31.0726
2008-07-13,1568.25,1583.49,1495.44,1567.51,1767.17,1590000000,1431333376,84.2339,34.1748
2008-07-06,1682.86,1689.61,1574.6,1577.94,1784.2,1470000000,1423333376,82.3258,34.7591
2008-06-29,1705.61,1734.86,1669.69,1684.45,1801.02,1630000000,1415333376,65.9838,41.485
2008-06-22,1763.86,1775.11,1723.41,1731,1807.85,1790000000,1408666624,66.3906,45.0203
2008-06-15,1787.9,1814.06,1730.25,1747.35,1805.42,1640000000,1385333376,73.7359,46.3074
2008-06-08,1848.3,1853.5,1813.12,1832.31,1796.95,1000000000,1373333376,59.5739,53.7176
2008-06-01,1813.63,1852.36,1791.4,1852.02,1777.61,1430000000,1412000000,69.1708,55.6354
2008-05-25,1893.54,1901.13,1810.68,1827.94,1761.94,1660000000,1438666624,73.2763,53.7627
2008-05-18,1829.37,1899.57,1813.98,1888.88,1752.25,1280000000,1367107968,64.6894,59.6832
2008-05-11,1849.81,1868.09,1818.27,1823.7,1735.38,1290000000,1385107968,54.2391,54.7322
2008-05-04,1829.45,1851.64,1803.08,1848.27,1724.64,1150000000,1393774720,56.4487,57.1905
2008-04-27,1793.19,1825.83,1784.23,1824.68,1711.99,1810000000,1411774720,60.3931,55.4048
2008-04-20,1746.88,1783.85,1734.13,1771.9,1696.15,1250000000,1387107968,63.6246,51.1733
2008-04-13,1769.74,1786.57,1735.78,1779.71,1689.53,1030000000,1356988672,70.577,51.8493
2008-04-06,1705.17,1768.06,1685.19,1766.49,1685.78,1450000000,1357655296,80.4705,50.8283
2008-03-30,1653.82,1704.28,1645.89,1701.83,1687.09,1470000000,1348988672,79.2707,45.5885
2008-03-23,1588.53,1645.78,1537.53,1645.69,1700.6,1350000000,1350322048,89.611,40.4745
2008-03-16,1634.42,1687.63,1578.45,1600.26,1721.55,1530000000,1366322048,80.2915,35.9511
2008-03-09,1676.3,1705.97,1650.74,1663.97,1744.72,1440000000,1372988672,65.8472,39.8994
2008-03-02,1701.75,1739.6,1701.64,1711.62,1763.98,1460000000,1380988672,68.3309,43.1939
2008-02-24,1701.75,1722.71,1670.69,1686.45,1782.54,1580000000,1399655296,75.9213,40.7961
2008-02-17,1648.51,1697.45,1629.57,1694.77,1800.83,1830000000,1404322048,87.8719,41.3316
2008-02-10,1655.78,1697.99,1655.78,1696.57,1807.34,586620032,1418322048,97.8679,41.4408
2008-02-03,1668.07,1674.47,1570.87,1634.53,1826.48,1550000000,1519213952,115.0718,36.0277
2008-01-27,1723.95,1724.39,1578.37,1692.41,1856.14,1420000000,1566547328,111.8378,39.164
2008-01-20,1781,1790.69,1684.39,1734.72,1883.38,1420000000,1626547328,89.5816,41.6235
2008-01-13,1815.73,1855.07,1776.26,1782.27,1907.83,1440000000,1648547328,81.2225,44.5426
2008-01-06,1891.45,1892.5,1821.61,1863.9,1923.48,798209984,1614961280,78.0137,50.1492
2007-12-30,1911.41,1926.09,1890.81,1897.13,1937.03,1040000000,1700413952,79.2606,52.6544
2007-12-23,1873.15,1886.39,1808.86,1878.32,1945.27,1320000000,1759747328,95.0059,51.3777
2007-12-16,1930.36,1937.5,1877.27,1895.05,1950.95,1490000000,1807080704,99.4138,52.548
2007-12-09,1907.95,1972.37,1888.08,1934.32,1952.96,1590000000,1837747328,119.0058,55.2932
2007-12-02,1803.76,1918.12,1787.95,1906,1947.61,1630000000,1865080704,136.3636,53.6725
2007-11-25,1936.38,1936.5,1745.26,1772.88,1945.85,1560000000,1872413952,131.9255,44.964
2007-11-18,1957.78,1985.38,1887.76,1926.2,1954.21,1740000000,1889747328,102.2682,56.2779
2007-11-11,2025.04,2085.03,1968.86,1990.47,1942.97,1650000000,1898413952,102.0473,62.3884
2007-11-04,2051.62,2085.45,2014.65,2019.34,1913.61,2040000000,1978413952,94.9859,65.3479
2007-10-28,1901.15,2028.07,1875.23,2028.06,1897.7,2100000000,2001080704,107.0789,66.2291
2007-10-21,2043.93,2047.02,1933.82,1970.1,1885.1,2260000000,2011747328,84.1984,63.1634
2007-10-14,2020.34,2058.87,1995.05,2026.44,1877.86,2320000000,1999080704,69.6976,68.8009
2007-10-07,1948.78,2014.96,1946.13,1996.03,1874.28,1750000000,1955747328,72.6363,67.3399
2007-09-30,1944.87,1952.39,1935.02,1946.48,1871.52,936209984,2043080704,74.5395,64.8494
2007-09-23,1873.65,1921.23,1837.22,1919.26,1864.4,2080000000,2163333376,95.2443,63.4268
2007-09-16,1845.59,1875.95,1805.88,1870.02,1849.76,1930000000,2154666752,100.8615,60.759
2007-09-09,1876.92,1899.66,1844.64,1884.9,1841.51,2030000000,2191333376,111.7822,62.0287
2007-09-02,1825.97,1873.35,1773.05,1873.24,1832.12,1950000000,2180000000,140.1633,61.4424
2007-08-26,1700.48,1816.19,1693.42,1791.33,1819.96,2000000000,2201999872,160.0949,57.1244
2007-08-19,1840.89,1857.13,1626.87,1638.07,1813.7,1740000000,2199333376,151.0824,46.7665
2007-08-12,1832.54,1928.64,1814.3,1828.49,1814.24,1820000000,2156000000,111.4936,64.8377
2007-08-05,1874.08,1933.27,1810.62,1876.8,1796.22,1870000000,2165999872,110.0704,71.331
2007-07-29,1978.05,2015.48,1863.39,1883.22,1773.45,2849999872,2174666752,103.7806,72.2236
2007-07-22,1965.66,1983.54,1922.14,1983.54,1747.16,2380000000,2112666624,79.626,88.2457
2007-07-15,1870.35,1962.94,1865.79,1962.93,1710.41,2260000000,2063333376,88.7389,87.7262
2007-07-08,1741.41,1865.52,1736.63,1861.01,1674.59,2070000000,2008666624,82.1434,84.6016
2007-07-01,1754.2,1785.87,1724.82,1743.6,1646.24,1670000000,1975333376,58.7701,78.8391
2007-06-24,1786.29,1813.84,1759.95,1770.98,1624.62,3060000000,1952000000,57.6302,85.7913
2007-06-17,1740.46,1776.8,1709.96,1772.26,1598.08,2740000000,1830666624,59.5003,86.121
2007-06-10,1734.27,1753.24,1713.5,1727.28,1571.01,1950000000,1720666624,55.8304,84.1312
2007-06-03,1650.53,1745.39,1638.03,1716.24,1546.06,2480000000,1664000000,63.8755,83.5952
2007-05-27,1602.64,1651.61,1602.64,1644.56,1521.67,1860000000,1570000000,42.1333,79.3999
2007-05-20,1612.73,1622.16,1586,1612.25,1502.49,2280000000,1511353984,38.715,76.9306
2007-05-13,1574.86,1616.06,1574.86,1603.56,1490.63,1960000000,1417837952,39.9925,76.2187
2007-05-06,1538.69,1567.74,1530.67,1567.74,1477.73,1090000000,1346562048,35.8287,73.0333
2007-04-29,1545.45,1565.03,1536.12,1542.52,1466.06,1970000000,1336861952,35.208,70.4452
2007-04-22,1523.89,1538.89,1506.14,1533.08,1455.28,2000000000,1275528704,36.837,69.4253
2007-04-15,1489.79,1526.09,1489.13,1520.78,1441.8,1920000000,1200156032,38.8805,68.0931
2007-04-08,1456.19,1488.58,1452.56,1484.15,1428.45,1640000000,1109170048,37.3508,63.722
2007-04-01,1451.12,1459.69,1432.8,1452.55,1420.47,1440000000,1073836672,38.0112,59.2501
2007-03-25,1425.22,1456.18,1420.89,1447.38,1414.9,1570000000,1055836672,43.5719,58.4723
2007-03-18,1429.68,1442.04,1405.13,1427.88,1413.83,1320000000,1030503360,47.7128,55.4978
2007-03-11,1400.8,1434.7,1375.84,1423.58,1414.63,1240000000,1028503360,53.1142,54.8353
2007-03-04,1466.92,1470.95,1393.96,1414.47,1414.48,1090000000,1033169984,50.2412,53.4729
2007-02-25,1450.96,1471.04,1443.97,1469.88,1412.48,1100000000,1035836672,36.8669,64.4545
2007-02-18,1416.84,1450.84,1403.75,1448.81,1409.52,1070000000,1028259328,41.7653,61.6754
2007-02-11,1413.77,1432.29,1409.71,1427.68,1407.27,980310016,1028926016,39.1029,58.666
2007-02-04,1376.48,1413.34,1357.87,1413.14,1405.98,877260032,1040905344,47.3643,56.4826
2007-01-28,1363.84,1392.55,1348.46,1371.33,1404.53,890860032,1073088000,43.3115,49.3367
2007-01-21,1396.87,1397.64,1356.22,1360.56,1405.57,944499968,1107697280,42.9222,47.2654
2007-01-14,1376.76,1389,1345.08,1388.37,1406.28,1050000000,1075014656,43.6733,52.4023
2007-01-07,1438.89,1439.71,1372.36,1385.76,1404.27,869409984,1082348032,43.5499,51.9471
2006-12-31,1434.58,1441.21,1418.77,1434.46,1401.18,555209984,1108387328,31.6499,62.2622
2006-12-24,1427.14,1445.51,1425.6,1437.49,1394.3,1110000000,1164706688,36.2549,62.9847
2006-12-17,1390.26,1425.78,1373.03,1421.87,1388.8,1170000000,1170706688,42.5623,60.8075
2006-12-10,1431.01,1436.69,1386.26,1390.43,1382.67,1190000000,1172706688,37.4685,55.9666
2006-12-03,1419.8,1436.8,1404.67,1434.36,1380.23,1290000000,1158501376,30.9877,66.6473
2006-11-26,1413.74,1424.82,1399.97,1421.73,1373.61,1310000000,1127607936,30.4166,64.8568
2006-11-19,1399.51,1417.68,1386.76,1412.22,1368.18,1130000000,1107607936,33.1999,63.4863
2006-11-12,1379.37,1399.87,1363.71,1395.73,1361.28,986339968,1091531392,34.3399,61.0399
2006-11-05,1363.34,1385.39,1351.08,1383.88,1355.89,1080000000,1086229376,33.4298,59.2166
2006-10-29,1367.14,1379.51,1358.93,1369.09,1348.24,1160000000,1064937344,32.9896,56.8777
2006-10-22,1356.59,1366.94,1338,1364.24,1342.86,1360000000,1053361984,39.1945,56.1113
2006-10-15,1356.59,1365.01,1303.62,1348.6,1337.27,1410000000,1025145344,44.3218,53.6443
2006-10-08,1370.27,1380.91,1345.83,1352,1330.83,454260000,999145344,35.7876,54.26
2006-10-01,1347.88,1377.37,1338.98,1371.41,1322.75,1160000000,1033606016,36.1414,57.7751
2006-09-24,1360.66,1378.99,1343.27,1348.38,1314.63,1260000000,1024939328,35.0171,54.5297
2006-09-17,1357.29,1361.2,1323.9,1361.1,1310.19,1400000000,1004499328,34.6657,56.7674
2006-09-10,1363.69,1365.08,1342.57,1354.89,1299.15,1200000000,973184000,33.3486,55.9479
2006-09-03,1329.9,1361.48,1325.04,1356.67,1291.43,1200000000,973184000,38.7679,56.2316
2006-08-27,1333.26,1337.7,1309.55,1329.35,1281.34,976920000,989850688,39.9319,52.822
2006-08-20,1295.43,1336.38,1287.65,1331.1,1279.65,826600000,1014056000,45.8229,53.0678
2006-08-13,1308.36,1321.55,1289.23,1292.1,1278.93,1010000000,1016644672,44.3694,48.0647
2006-08-06,1313.91,1316.12,1277.31,1304.51,1285.61,888849984,1056644672,50.394,49.6279
2006-07-30,1258.87,1301.69,1245.98,1297.07,1297.34,906809984,1118721280,56.1861,48.6991
2006-07-23,1241.57,1273.42,1231.05,1271.33,1309.33,760620032,1162934016,56.4241,45.4688
2006-07-16,1265.58,1311.27,1246.65,1255.13,1321.7,986369984,1238226048,63.4512,43.3854
2006-07-09,1294.57,1305.67,1255.02,1273.93,1338.05,936750016,1284467968,62.8668,45.2483
2006-07-02,1227,1295.43,1221.65,1295.15,1351.28,1020000000,1330018048,68.9752,47.3806
2006-06-25,1254.59,1260.22,1210.99,1228.62,1360.21,971169984,1369351296,66.5728,39.0138
2006-06-18,1229.96,1264.87,1192.09,1262.19,1371.13,1030000000,1403273344,74.2592,42.1543
2006-06-11,1315.77,1315.77,1217.76,1235.65,1376.05,953400000,1423939968,74.9989,38.5212
2006-06-04,1333.59,1340.33,1285.43,1309.04,1384.84,930270016,1481046656,63.4933,45.9281
2006-05-28,1375.95,1376.08,1295.47,1322.43,1385.76,1200000000,1529028608,67.79,47.4746
2006-05-21,1424.58,1424.58,1346.31,1372.29,1386.3,1450000000,1568361984,61.38,53.7304
2006-05-14,1459.39,1464.7,1429.92,1445.2,1385.76,1340000000,1589695360,42.625,65.4392
2006-05-07,1419.64,1453.5,1408.8,1441.02,1376.39,865430016,1661695360,46.5475,65.0336
2006-04-30,1448.04,1458.67,1413.7,1419.73,1367.57,1610000000,1762666624,47.4713,62.9785
2006-04-23,1435.16,1458.35,1415.14,1451.31,1360.39,1820000000,1816000000,48.7219,68.5258
2006-04-16,1394.64,1434.68,1372.24,1432.72,1354.82,1570000000,1867333376,51.4779,66.9338
2006-04-09,1362.35,1406.03,1361.14,1402.36,1345.83,1890000000,1870666624,45.9968,64.1866
2006-04-02,1317.46,1360.13,1314.63,1359.6,1346.99,1680000000,1910666624,45.7802,59.8208
2006-03-26,1339.73,1350.02,1300.44,1321.23,1351.42,1620000000,1980000000,45.9202,55.2782
2006-03-19,1332.28,1347.13,1316.47,1341.12,1356.27,1610000000,2036666624,44.0903,58.4596
2006-03-12,1332.71,1344.77,1296.78,1320.07,1357.8,1480000000,2096666624,50.8055,55.9693
2006-03-05,1365.41,1379.71,1325.59,1328.95,1357.88,1340000000,2172000000,52.2132,57.3152
2006-02-26,1336.01,1366.71,1324.4,1365.82,1356.92,1810000000,2249333248,51.2598,63.1723
2006-02-19,1338.7,1342.4,1299.73,1332.73,1352.28,1650000000,2274666752,55.7347,59.744
2006-02-12,1326.23,1348.24,1307.77,1335.23,1348.99,1790000000,2288666624,62.2671,60.1367
2006-02-05,1391.51,1403.3,1330.68,1333.5,1343.74,1770000000,2307333376,73.1657,59.9676
2006-01-29,1307.4,1384.56,1285.63,1384.56,1337.29,2420000000,2363333376,73.4385,67.8564
2006-01-22,1423.08,1426.21,1321.96,1324.78,1323.74,2380000000,2384666624,60.6927,62.4922
2006-01-15,1421.9,1421.9,1384.27,1416.28,1308.4,2409999872,2357333248,38.9141,81.9231
2006-01-08,1383.32,1412.79,1370.61,1412.78,1289,2590000128,2341999872,39.5561,81.7212
2006-01-01,1363.81,1383.14,1353.24,1379.37,1270.45,1620000000,2293333248,38.2441,79.7131
2005-12-25,1325.61,1364.48,1320.88,1359.53,1255.59,2489999872,2338666752,42.4162,78.4049
2005-12-18,1321.07,1349.87,1314.52,1321.04,1244.05,2720000000,2312000000,41.8243,75.5665
2005-12-11,1312.56,1332.64,1304.88,1317.42,1231.95,2469999872,2251333376,45.0615,75.2828
2005-12-04,1297.35,1319.28,1271.91,1310.12,1220.01,2510000128,2207333376,53.7122,74.7334
2005-11-27,1276.26,1298.25,1241.27,1293.22,1206.87,2609999872,2153333248,56.8833,73.4655
2005-11-20,1260.28,1281.18,1236.82,1272.25,1192.09,2500000000,2122666624,56.835,71.8372
2005-11-13,1226.96,1257.25,1205.48,1256.12,1176.61,2190000128,2153333248,63.0724,70.5463
2005-11-06,1152.95,1229.17,1143.2,1221.98,1162.76,1860000000,2217999872,68.7237,67.63
2005-10-30,1188.86,1204.34,1137.23,1140.72,1155.11,2070000000,2320666624,58.8605,58.5621
2005-10-23,1195.62,1199.91,1144.78,1183.48,1150.83,2609999872,2413333248,54.7357,67.8493
2005-10-16,1210.11,1245.85,1177.68,1190.17,1144.82,2740000000,2446000128,54.5385,69.4495
2005-10-09,1228.03,1246.41,1193.74,1201.01,1135.16,1970000000,2412666624,47.7228,72.0044
2005-10-02,1181.94,1238.72,1181.94,1221.01,1123.37,2180000000,2425999872,45.2492,76.8478
2005-09-25,1192.11,1200.23,1175.83,1175.88,1106.78,1860000000,2419333376,36.4539,73.0493
2005-09-18,1158.09,1178.61,1150.76,1174.13,1093.63,2300000000,2404000000,41.6308,72.8891
2005-09-11,1120.32,1153.63,1111.95,1152.5,1079.32,2090000000,2346666752,48.5212,70.9046
2005-09-04,1068.14,1118.87,1055.54,1115.83,1066.92,1810000000,2305999872,51.9418,67.1153
2005-08-28,1095.24,1121.89,1079.14,1086.55,1056.5,1810000000,2300666624,46.2477,63.6004
2005-08-21,1131.72,1137.46,1078.53,1089.88,1047.29,1700000000,2285333248,47.9966,64.3265
2005-08-14,1081.69,1131.97,1079.53,1130.22,1036.55,2150000128,2260000000,42.5299,73.8047
2005-08-07,1113.9,1129.92,1084.23,1089.36,1021.71,2960000000,2244666624,37.5749,69.5904
2005-07-31,1075.5,1113.43,1073.66,1111.29,1007.86,3160000000,2181999872,33.5173,75.6565
2005-07-24,1061.71,1086.95,1057.03,1074.22,993.66,3400000000,2113333376,30.3909,71.7978
2005-07-17,1034.59,1066.97,1033.28,1059.6,980.08,3460000000,2019333376,30.6264,70.0598
2005-07-10,1022.67,1029.37,1014.86,1021.95,970.18,3100000000,1954666624,23.4296,64.8851
2005-07-03,996.73,1018.04,985.93,1018.02,963.96,2240000000,1928666624,27.8895,64.2868
2005-06-26,1003.8,1010.91,986.61,1002.43,961.8,2169999872,2004000000,25.7792,61.8953
2005-06-19,993.14,1007.2,981.95,1003.68,960.09,2080000000,2060000000,26.5188,62.2055
2005-06-12,975.39,994.9,968.28,990.79,956.89,1630000000,2085333376,27.1532,60.3008
2005-06-05,962.25,979.36,959.98,976.09,955.97,1440000000,2167333376,27.4198,58.0627
2005-05-29,955.05,962.9,938.88,960.91,959.86,1480000000,2251333376,31.4397,55.6661
2005-05-22,925.41,956.06,921.77,952.19,964.2,1730000000,2206222080,35.1496,54.2722
2005-05-15,942.01,942.32,910.72,923.19,967.93,1580000000,2233555200,35.5794,49.3547
2005-05-08,916.48,942.67,911.14,940.85,973,1320000000,2288221952,37.5691,52.5503
2005-05-01,936.25,949.33,902.88,911.3,973.54,1920000000,2346888704,40.5887,47.243
2005-04-24,930.85,952.96,916.74,940.79,975.39,2020000000,2326222080,37.658,52.706
2005-04-17,988.21,988.5,940.04,947.22,973.79,2130000000,2299555328,38.377,53.9695
2005-04-10,981,996.9,975.28,992.17,971.49,1990000000,2226888704,31.5005,63.9162
2005-04-03,969.48,982.49,946.41,981.9,964.23,2489999872,2200221952,36.4408,62.4479
2005-03-27,979.31,986.88,949.98,965.3,954.98,2710000128,2140888704,36.6212,60.0052
2005-03-20,1018.33,1024.34,972.9,979.72,949.2,3369999872,2059555328,36.4818,63.328
2005-03-13,1021.63,1025.08,990.44,1022.79,940.88,3009999872,1943555328,29.0028,74.8187
2005-03-06,1003.65,1016.18,999.1,1012.96,928.58,2460000000,1837555328,26.1842,73.8116
2005-02-27,992.46,1000.26,963.9,996.95,914.57,2860000000,1776888704,29.6613,72.1258
2005-02-20,957.22,984.1,954.36,984.1,905.03,2700000000,1685555328,26.3119,70.721
2005-02-13,942.15,949.45,936.17,947.23,894.53,803329984,1591555328,21.0328,66.1799
2005-02-06,920.99,936.45,918.44,933.55,887.85,2140000000,1629333376,23.5992,64.2706
2005-01-30,918.21,930.59,911.26,921.59,883.11,2400000000,1593333376,26.3939,62.5545
2005-01-23,915.22,926.85,906.23,919.61,878.03,2200000000,1541333376,29.9258,62.276
2005-01-16,872.82,905.52,866.17,905.1,870.97,1610000000,1522666624,34.0137,60.2646
2005-01-09,896,897.59,866.72,870.84,864.56,1620000000,1454486656,31.3455,55.0049
2005-01-02,881.82,896.1,868.04,895.92,862.15,1040000000,1464486656,31.5832,60.4436
2004-12-26,872.3,890.81,870.6,879.92,860.94,1590000000,1529820032,33.3449,57.9825
2004-12-19,841.34,880.95,838.1,875.13,858.11,1600000000,1556486656,39.9123,57.2429
2004-12-12,875.53,876.38,841.77,844.85,854.53,1490000000,1571153280,38.4434,52.3166
2004-12-05,861.17,893.51,855.81,882.55,854.8,1630000000,1563820032,37.2751,60.3563
2004-11-28,857.33,883.85,844.11,858.12,850.95,1420000000,1563153280,37.0626,56.317
2004-11-21,879.88,891.71,863.52,867.03,847.83,1550000000,1581153280,35.724,58.3297
2004-11-14,865.65,882.59,840.24,876.67,843.1,1490000000,1582486656,39.491,60.5021
2004-11-07,832.52,865.38,831.32,860.68,835.68,1290000000,1597153280,38.0614,58.0985
2004-10-31,816.11,835.26,801.01,834.84,828.63,1370000000,1631153280,40.0621,53.8877
2004-10-24,845,863.75,814.64,828.17,820.22,1600000000,1658486656,42.9682,52.7495
2004-10-17,876.56,882.05,833.45,841.94,812.48,1620000000,1675153280,39.8973,55.3693
2004-10-10,859.12,896.24,858.92,881.38,803.78,1920000000,1681820032,35.5459,63.7962
2004-10-03,829.93,846.01,827.17,846.01,791.95,587299968,1670486656,28.2039,58.5419
2004-09-26,849.46,863.19,823.05,832.1,783.74,1770000000,1762666624,32.8859,56.2216
2004-09-19,842.15,863.12,841.41,848.11,777.35,2020000000,1794666624,29.2588,59.7984
2004-09-12,823.64,837.37,809.03,836.34,771.59,1990000000,1777333376,30.4982,57.9732
2004-09-05,811.55,826.26,797.62,820.69,763.71,1820000000,1730666624,31.5774,55.4774
2004-08-29,792.5,814.05,781.46,810.3,757.94,1380000000,1730666624,33.0461,53.7855
2004-08-22,774.29,789.78,767.26,787.64,755.48,1620000000,1766666624,33.2741,49.9324
2004-08-15,728.66,777.84,724.5,776.02,757.89,1690000000,1754666624,38.6511,47.8625
2004-08-08,730.61,745.05,713.99,733.95,758.75,1570000000,1776666624,31.3067,39.4464
2004-08-01,730.15,748.82,726.71,735.34,761.62,1710000000,1838000000,31.43,39.6427
2004-07-25,730.58,756.44,729.57,737.51,770.24,1800000000,1832666624,36.0901,39.9308
2004-07-18,752.71,757.9,717.77,739.39,780.68,1780000000,1832666624,40.7001,40.1656
2004-07-11,754.16,763.93,735.72,747.46,797.07,1850000000,1833333376,40.9851,41.1297
2004-07-04,777.85,792.77,754.26,755.42,809.69,1720000000,1825333376,47.3727,42.0543
2004-06-27,745.22,780,732.79,779.03,822.19,1750000000,1861333376,51.8041,44.8298
2004-06-20,744.25,769.66,729.06,741.73,830.91,1970000000,1915333376,54.1011,38.9157
2004-06-13,788.41,820.87,748.34,751.53,841.1,2249999872,1927333376,60.8516,39.9608
2004-06-06,811.46,817,764.93,780.74,852.08,1760000000,1946000000,55.0124,43.1694
2004-05-30,795.99,816.64,776.71,816.51,857.76,1290000000,1992000000,56.4837,47.5071
2004-05-23,766.56,786.36,716.95,786.36,865.16,1820000000,2054666624,64.7605,43.0265
2004-05-16,831.1,831.37,759.65,768.46,873.25,1920000000,2096000000,62.4357,40.2132
2004-05-09,863.03,876.3,819.61,838.74,882.34,1440000000,2113333376,54.1086,49.0422
2004-05-02,935.01,935.28,854.39,862.84,885.96,2020000000,2068579968,52.818,52.7285
2004-04-25,900.48,939.52,891.27,936.06,884.9,2489999872,2074579968,38.3919,66.9191
2004-04-18,905.44,927.67,897.73,898.88,877.61,1630000000,2059913344,33.4629,62.1111
2004-04-11,899.43,916.86,898,905.44,874.48,1800000000,2016296064,35.2244,63.6262
2004-04-04,868.1,889.6,867.21,883.69,869.69,1790000000,2007629312,36.2515,60.6727
2004-03-28,878.62,881,849.56,863.95,866.49,1730000000,2042962688,41.5523,57.784
2004-03-21,855.84,883.33,838.11,883.33,862.93,2260000000,2063629312,45.4435,61.9311
2004-03-14,909.15,910.67,822.05,848.8,855.06,2560000000,2078296064,45.5552,56.8017
2004-03-07,892.57,909.08,892.38,905.38,851.92,2150000128,2090296064,24.0228,71.4499
2004-02-29,874.93,883.42,861.77,883.42,843.65,2530000128,2152962560,23.2042,68.5245
2004-02-22,879.23,890.51,872.42,877.49,835.82,2449999872,2161629440,23.9814,67.6945
2004-02-15,860.9,883.35,859.58,882.18,829.04,2230000128,2179629312,26.927,69.0314
2004-02-08,850.28,855.43,834.7,850.23,819.76,2440000000,2192962560,23.8305,64.6103
2004-02-01,867.65,873.61,846.05,848.5,816.4,2180000000,2176962560,25.3808,64.3544
2004-01-25,854.96,864.26,851.34,861.37,812.69,768700032,2196962560,24.2912,67.7374
2004-01-18,843.96,855.45,840.11,847.95,806.11,2110000000,2289715968,28.2818,66.0072
2004-01-11,817.28,849.5,816.55,845.27,797.79,2270000128,2264382720,34.7527,65.6658
2004-01-04,779.24,821.87,779.24,821.26,791.33,975740032,2257715968,35.654,62.5351
2003-12-28,809.57,815.55,786.11,788.85,786.05,1670000000,2340666624,32.166,57.7007
2003-12-21,821.62,824.26,797.46,811.2,779.92,2320000000,2279455232,33.529,62.8979
2003-12-14,780.23,810.68,774.04,806.08,770.43,2040000000,2262788608,36.8935,62.1731
2003-12-07,796.36,816.02,789.41,789.41,765.61,2480000000,2276122112,37.0202,59.7989
2003-11-30,765.82,797.07,752.14,796.18,763.79,2740000000,2287455232,42.2253,61.2486
2003-11-23,803.48,803.95,762.36,770.78,760.9,3089999872,2215455232,40.8729,57.6738
2003-11-16,800.98,818.34,782.03,809.89,759.96,2660000000,2157455360,37.5444,66.4367
2003-11-09,783.08,811.97,778.04,804.05,755.36,2720000000,2138788608,38.1615,65.7144
2003-11-02,752.82,793.35,750.5,782.36,748.94,2430000128,2168122112,40.2773,62.9657
2003-10-26,766.33,785.02,743.38,748.17,742.42,2200000000,2166788608,37.826,58.0421
2003-10-19,754.5,783.08,747.02,767.75,740.68,2480000000,2199455232,35.919,62.4577
2003-10-12,723.47,759.6,719.33,757.89,735.46,2160000000,2176121856,35.8485,61.073
2003-10-05,697.26,718.36,688.07,715.24,730.58,1730000000,2190788608,31.5927,54.3027
2003-09-28,741.54,741.68,697.13,697.4,729.65,2169999872,2262121984,32.2441,50.9921
2003-09-21,764.68,772.35,745.16,748.25,729.31,2220000000,2272788736,22.8062,63.0894
2003-09-14,759.49,775.88,756.01,767.46,723.39,751830016,2256121856,20.6143,68.8165
2003-09-07,763.22,771.78,759.36,761.55,716.62,2070000000,2371333376,20.9864,67.9862
2003-08-31,754.17,765.27,746.92,759.47,708.6,2240000000,2373333248,25.2696,67.7052
2003-08-24,728.92,759.15,727.56,754.72,698.84,2649999872,2417333248,28.7293,67.0928
2003-08-17,700.41,727.01,693.7,727.01,688.73,1660000000,2352000000,27.024,63.3251
2003-08-10,719.57,726.3,703.05,704.14,679.11,2220000000,2367333376,23.881,59.7974
2003-08-03,715.44,728.38,710.01,727.26,671.33,2380000000,2461333248,23.7164,65.7326
2003-07-27,699.12,705.6,690.59,705.09,662.32,3160000000,2571333376,23.9297,62.4105
2003-07-20,709.09,724.53,697.67,699.35,653.35,2409999872,2631333376,28.3895,61.5135
2003-07-13,699.32,715.8,691.59,704.15,642.29,2689999872,2663333376,29.1543,62.6748
2003-07-06,673.66,699.34,663.35,693.25,635.67,2130000000,2733333248,31.6264,61.1273
2003-06-29,685.97,686.6,659.77,677.28,626.48,2380000000,2847333376,29.4446,58.8034
2003-06-22,661.6,690.7,655.86,686.22,616.54,2800000000,2921999872,30.752,60.6893
2003-06-15,640.58,670.2,638.31,665.24,605.72,2329999872,2956666624,28.7079,57.7356
2003-06-08,643.93,649.69,632.47,642.38,598.26,1970000000,2992666624,27.1169,54.2581
2003-06-01,611.15,636.2,607.76,633.42,589.54,2480000000,3098666752,32.0653,52.846
2003-05-25,603.77,612.07,584.62,611.51,582.25,2100000000,3087333376,33.878,49.2916
2003-05-18,631.9,637.19,605.62,610.81,579.24,2900000000,3139333376,37.092,49.1779
2003-05-11,603.05,619.25,602.29,619.11,578.64,1670000000,3066000128,39.8529,50.4222
2003-05-04,559.03,604.21,556.15,597.44,574.99,1890000000,3116666624,48.8744,47.1824
2003-04-27,623.89,627.5,560.53,566.63,573.33,3630000128,3208666624,49.2816,42.1954
2003-04-20,590.04,625.13,588.91,624.77,575.43,4030000128,3189333248,40.4374,50.5605
2003-04-13,566.93,597.02,563.26,582.97,574.15,4060000000,3080666624,39.5761,43.0191
2003-04-06,547.75,558.84,525.51,558.01,578.61,2889999872,3013333248,39.8592,37.7545
2003-03-30,579.08,579.08,544.67,556.33,584.47,3740000000,3096000000,43.1238,37.3929
2003-03-23,535.79,576.95,512.3,575.77,593.2,3840000000,3131333376,47.4807,39.8819
2003-03-16,545.54,548.45,514.43,537.65,599.96,3500000000,3114666752,38.896,31.5908
2003-03-09,578.5,590.55,544.09,546.02,614.28,3320000000,3224666624,41.334,32.5048
2003-03-02,608.77,619.45,573.3,575.43,627.79,2870000128,3331333376,38.7709,35.893
2003-02-23,590.39,616.79,588.22,603.6,639.68,3560000000,3407333376,35.0814,39.5608
2003-02-16,573.09,585.74,561.69,575.24,649.78,2310000128,3556000000,31.8471,33.1775
2003-02-09,591.88,606.7,571.2,577.48,659.58,2880000000,3810000128,35.7457,33.4365
2003-02-02,597.82,602.18,581.13,591.86,667.53,1800000000,4092666624,35.8685,35.0684
2003-01-26,627.78,636.04,604.74,609.43,674.45,2430000128,4308666880,39.6528,37.1242
2003-01-19,627.01,659.05,624.46,636.46,677.64,3270000128,4355333120,43.6192,40.5172
2003-01-12,665.1,679.3,618.68,628.36,679.25,3340000000,4305333248,48.1338,38.9649
2003-01-05,652.07,662.4,613.76,661.1,682.79,2400000000,4301333504,41.8907,43.1956
2002-12-29,711.72,713.32,655.69,656.92,676.66,3049999872,4308666880,38.5161,42.4549
2002-12-22,698.54,712.5,690.81,709.44,676.16,4129999872,4375333376,28.9591,50.0731
2002-12-15,720.22,722.45,695.34,708.13,672.35,4269999872,4318666752,32.5936,49.8647
2002-12-08,724.99,737.7,708.45,718.09,672.01,3590000128,4297333248,35.3355,51.3785
2002-12-01,695.48,725.6,694.51,724.8,672.02,5150000128,4490666496,38.3782,52.3732
2002-11-24,672.92,704.38,663.13,692.87,670.68,4920000000,4366666752,41.2023,47.918
2002-11-17,669.16,673.5,643.39,672.95,674.31,4009999872,4474666496,41.1785,44.9339
2002-11-10,661.24,688.47,658,674.85,679.94,5790000128,4764000256,46.0377,45.1631
2002-11-03,666.96,682.81,646.15,647.65,683.56,6120000000,4918666752,48.6466,41.1746
2002-10-27,666.51,668.31,631.24,655.88,687.29,7120000000,5023333376,54.64,42.0336
2002-10-20,604.43,674.19,603.8,670.79,691.02,5040000000,4957333504,62.185,43.5624
2002-10-13,644.32,644.32,576.49,587.51,693.28,3129999872,4838666752,49.9374,30.4408
2002-10-06,645.28,666.97,637.77,650.92,707.2,2520000000,4857999872,37.6912,36.429
2002-09-29,692.14,693.26,651.93,663.72,719.04,3280000000,4929999872,41.9368,37.8237
2002-09-22,721.45,726.84,699.77,704.12,729.38,2510000128,4930666496,36.8101,42.6041
2002-09-15,714.58,739.22,696.15,718.17,732.6,4049999872,4942666752,41.6802,44.4169
2002-09-08,739.84,755.44,707.21,708.73,737.63,3280000000,4908666880,40.9853,42.9011
2002-09-01,731.82,737.51,717.04,736.4,747.07,3950000128,4940666880,37.363,46.3408
2002-08-25,722.85,753.5,713.3,740.51,751.96,6489999872,4910000128,44.3095,46.859
2002-08-18,693.99,729.21,692.48,718.29,756.62,3289999872,4686000128,46.3642,43.6984
2002-08-11,690.77,705.75,660.94,692.45,767.98,6540000256,4659999744,51.1663,39.8343
2002-08-04,704.08,731.31,689.38,700.68,783.19,8350000128,4465333248,54.3444,40.6596
2002-07-28,724.49,752.78,688.68,697.84,792.96,8110000128,4188666624,60.5516,40.263
2002-07-21,787.65,799.87,744.36,754.62,806.2,7689999872,3868000000,57.8574,45.9661
2002-07-14,807.12,807.36,764.88,792.93,815.79,6129999872,3491333376,59.0311,50.4426
2002-07-07,722.58,797.42,720.7,787.83,826.71,3260000000,3266666752,67.3066,49.8388
2002-06-30,767.83,778.68,699.15,742.72,834.03,3420000000,3284666624,62.5999,44.2603
2002-06-23,824.18,828.07,758.95,778.53,848.64,3600000000,3269333248,54.1349,48.2126
2002-06-16,803.18,832.26,802.02,822.01,858.39,3289999872,3272666624,46.6423,53.6101
2002-06-09,793.53,818.55,785.58,795.16,864.55,2689999872,3216000000,51.4134,50.4278
2002-06-02,850.12,860.37,794.92,796.4,869.99,3540000000,3267333376,60.6351,50.5766
2002-05-26,876.37,878.68,829.5,854.57,872.39,3760000000,3132000000,58.2277,58.0354
2002-05-19,808.97,878.39,804.91,875.03,869.51,3489999872,3062666752,62.7515,60.9722
2002-05-12,840.93,869.45,811.66,817.93,862.59,3129999872,3069333248,57.3873,55.0817
2002-05-05,848.52,863.1,829.16,856.72,859.73,2900000000,3080000000,57.1859,60.8778
2002-04-28,930.1,943.54,864.06,869.65,849.98,3620000000,3105333248,65.5338,62.9273
2002-04-21,879.04,941.74,877.99,923.94,839.37,4200000000,3154000128,58.5607,72.4353
2002-04-14,920.83,926.23,853.18,875.69,826.94,3300000000,3007333376,54.8161,68.5085
2002-04-07,900.47,920.87,871.45,918.01,813,2040000000,2922000128,45.6991,77.5003
2002-03-31,901.43,914.93,872.57,895.58,797.11,2760000000,2960666624,43.8386,75.9466
2002-03-24,877.19,908.4,863.65,895.98,784.79,3530000128,2966666752,44.578,76.0335
2002-03-17,828.22,868.02,818.43,860.36,767.93,3190000128,3006000128,42.8469,73.5275
2002-03-10,842.21,850.61,815.54,825.27,749.96,3649999872,3043333376,39.4754,70.7276
2002-03-03,796.8,826.6,786.73,819.99,736.63,2440000000,3078000128,41.6781,70.2885
2002-02-24,783.75,797.73,769.71,792,727,3460000000,3185999872,42.5821,67.9198
2002-02-17,764.15,796.18,762.41,783.59,714.66,1510000000,3136666624,49.8632,67.19
2002-02-10,740.98,747.36,718.86,739.66,703.12,2720000000,3214666752,46.5348,63.1207
2002-02-03,787.65,787.65,739.15,742.42,692.39,3590000128,3185333248,55.5521,63.5807
2002-01-27,704.73,784.12,701.01,774.68,678.59,3289999872,3098666752,59.0782,69.0423
2002-01-20,721.43,744.03,698.3,708.47,659.91,3280000000,3081999872,47.0623,62.9823
2002-01-13,748.54,757.81,718.74,727.36,646.16,4350000128,2952000000,47.7285,66.4272
2002-01-06,698,750.83,690.36,747.72,629.55,2000000000,2827333376,52.0577,70.2741
2001-12-30,647.73,695.96,642.26,693.7,610.27,2020000000,2920666624,47.8515,65.327
2001-12-23,661.29,666.48,639.62,644.71,594.29,2620000000,3019333376,44.9273,59.6756
2001-12-16,701.36,702.01,656.31,665.2,580.53,2849999872,3029999872,53.9609,63.7084
2001-12-09,643.61,715.93,631.87,704.5,564.46,4120000000,3028666624,56.8464,72.4255
2001-12-02,655.08,680.91,616.51,643.89,545.94,3750000128,2897999872,43.2396,65.7056
2001-11-25,610.77,647.2,609.18,645.18,538.54,4169999872,2768000000,32.6595,66.0236
2001-11-18,581.71,612.53,575.58,610.88,530.2,4060000000,2604000000,29.9792,61.4127
2001-11-11,555.62,579.19,552.89,576.75,526.74,2720000000,2441999872,26.4938,55.8806
2001-11-04,548.22,554.05,529.75,550.57,527.09,2680000000,2382666752,25.4307,50.863
2001-10-28,532,547.25,524.32,543.41,527.49,2280000000,2273333248,25.996,49.4016
2001-10-21,513.55,530.08,511.29,528.04,529.6,2289999872,2204666624,27.5291,46.2128
2001-10-14,497.44,526.2,493.12,516.4,530.69,3040000000,2122000000,31.8986,43.7186
2001-10-07,498.87,502.11,494.76,501.92,532.46,1330000000,2016000000,31.3079,40.5332
2001-09-30,473.75,491.13,464.42,479.68,536.34,2480000000,2070666624,35.7468,35.3116
2001-09-23,475.31,491.99,463.54,472.31,544.58,3400000000,2028666624,40.2653,33.5152
2001-09-16,547.99,553.61,472.98,482.29,554.82,3500000000,1900000000,46.1729,34.7278
2001-09-09,545.02,559.17,539.17,555.08,564.55,2780000000,1810666624,28.2094,45.9999
2001-09-02,577.46,585.34,542.21,545.11,569.87,2830000128,1843333376,32.314,43.6746
2001-08-26,568.88,580.51,560.53,569.31,576.26,2160000000,1839333376,26.906,48.369
2001-08-19,558.48,585.36,552.17,580.99,579.41,1800000000,1868000000,30.1291,50.817
2001-08-12,564.72,573.56,549.67,555.34,583,1710000000,1864666624,28.5986,45.157
2001-08-05,542.08,572.03,532.55,568.69,586.77,1630000000,1862666624,30.9529,47.8164
2001-07-29,535,542.58,512.78,541.13,587.97,1830000000,1899333376,26.6894,41.1754
2001-07-22,551.43,554.93,534.13,537.71,591.67,1040000000,1888000000,25.1341,40.3
2001-07-15,566.12,571.16,545.76,548.49,593.25,1250000000,1898666624,27.3012,42.1354
2001-07-08,593.03,600.51,578.16,578.54,593.9,1050000000,1960000000,24.5617,47.7664
2001-07-01,597.37,602.77,580.75,595.13,588.7,1450000000,2000666624,25.6676,51.2796
2001-06-24,617.66,619.82,589.46,599.08,581.29,2150000128,2027333376,27.4914,52.1273
2001-06-17,612.46,623.37,603.91,618.96,574.96,1850000000,2005333376,26.0571,56.4913
2001-06-10,609.06,621.9,594.28,621.78,568.22,1470000000,1989333376,29.3556,57.1212
2001-06-03,620.2,632.09,603.84,607.07,561.29,2160000000,2030666624,30.2235,54.6731
2001-05-27,606.87,633.16,606.46,624.11,557.85,3270000128,2003333376,31.2102,58.2504
2001-05-20,585.13,600.54,572.36,600.54,552.46,2769999872,1896000000,30.5053,54.4199
2001-05-13,588.88,599.05,575.43,583.06,551.04,2590000128,1854000000,31.668,51.3458
2001-05-06,565.44,587.18,564.72,585.6,552.86,1750000000,1743245952,35.6919,51.8173
2001-04-29,559.09,570.99,547.39,556.63,553.68,1680000000,1800579328,38.2629,46.626
2001-04-22,514.85,581.63,505.92,556.29,558.01,2180000000,1887912704,45.5944,46.5632
2001-04-15,503.07,519.48,491.21,516.1,560.96,1660000000,1847912704,30.5366,38.6466
2001-04-08,520.56,522.09,493.57,506.22,569.6,1200000000,1754105344,31.6698,36.4992
2001-04-01,544.75,550.26,516.97,523.22,576.4,2169999872,1772105344,32.6798,38.6613
2001-03-25,531.84,542.79,520.41,537.97,581.21,1660000000,1734771968,32.3747,40.5989
2001-03-18,554.36,556.84,522.65,538.67,578.43,1850000000,1726771968,37.372,40.6887
2001-03-11,549.27,579.28,549.27,565.76,575.25,1820000000,1714105344,34.503,44.2049
2001-03-04,585.16,597.12,557.2,559.44,572.61,1610000000,1694771968,36.7495,43.1405
2001-02-25,594.75,609.36,571.72,583.52,570.55,2090000000,1686771968,35.1642,46.263
2001-02-18,587.62,612.26,584.37,604.92,564.8,1750000000,1665438720,33.9264,49.2019
2001-02-11,594.91,598.97,573.52,595.47,558.63,1660000000,1673438720,36.9445,47.8433
2001-02-04,592.75,620.78,587.42,608.48,554.94,2140000000,1655438720,37.9368,49.537
2001-01-28,622.52,627.45,591.73,591.73,551.33,928689984,1628771968,40.2252,47.3069
2001-01-21,595.06,622.25,587.26,619.78,548.72,2609999872,1668859392,42.4777,50.7978
2001-01-14,573.72,601.09,557.86,587.87,540.02,2990000128,1586859392,46.2216,46.6383
2001-01-07,503.31,581.41,500.97,580.85,536.53,1580000000,1504859392,47.7174,45.7005
2000-12-31,509.09,509.95,501.64,504.62,531.84,252890000,1508859392,31.3562,34.0069
2000-12-24,529.37,541.78,497.31,500.6,540.53,1470000000,1535896704,42.3592,33.3035
2000-12-17,543.46,560.16,533.65,534,549.91,1610000000,1518563328,41.3038,36.2873
2000-12-10,520.14,540.63,499.72,534.81,551.52,1540000000,1491896704,48.7008,36.3606
2000-12-03,542.27,554.04,489.53,514.46,559.3,1660000000,1482563328,52.5961,33.2106
2000-11-26,543.78,547.56,512.41,530.84,570.9,1530000000,1453896704,46.6392,34.4865
2000-11-19,552.44,570.36,536.45,551.26,584.35,1490000000,1437229952,50.5338,36.0915
2000-11-12,557.64,581.47,545.77,565.18,599.22,1770000000,1426563328,58.8457,37.187
2000-11-05,514.82,567.07,483.58,560.41,612.82,1870000000,1413229952,70.4186,36.5744
2000-10-29,555.11,556,515.34,515.34,626.3,1390000000,1394563328,63.8829,30.6394
2000-10-22,557.11,565.88,485,545.97,642.52,1740000000,1481229952,75.4943,32.5622
2000-10-15,606.81,606.9,498.56,524.6,654.75,1530000000,1543896704,72.8015,29.7042
2000-10-08,595.68,616.22,571.58,608.85,676.29,1380000000,1578563328,54.0573,35.1591
2000-10-01,562.79,620.08,562.48,613.22,694.54,1760000000,1604563328,58.7659,35.4728
2000-09-24,591.98,613.01,551,553.25,713.59,1640000000,1625896704,54.7339,27.1936
2000-09-17,636.7,652.5,621.26,628.2,735.92,658449984,1658563328,43.5008,31.9512
2000-09-10,690.95,693.66,647.99,653.68,748.48,1210000000,1744666624,49.0413,33.819
2000-09-03,728.88,739.53,682.68,692.19,757.26,1210000000,1759333376,50.7269,36.8415
2000-08-27,721.02,740.7,706.21,729.8,769.28,1400000000,1744157312,47.6653,40.0908
2000-08-20,741.55,754.46,726.9,728.32,771.85,1230000000,1701433984,54.253,39.8971
2000-08-13,693.5,732.78,665.63,722.21,765.88,1280000000,1657165952,65.2545,39.1428
2000-08-06,686.35,736.23,678.35,710,766.59,1330000000,1641165952,64.3067,37.6918
2000-07-30,766.44,769.81,691.01,692.65,769.11,1570000000,1636499328,67.52,35.6678
2000-07-23,822.3,829.19,771.5,783.06,774,1590000000,1599832704,55.2551,42.3194
2000-07-16,847.6,863.53,826.82,827.95,769.19,2689999872,1546546688,54.0376,46.3002
2000-07-09,824.83,851.62,810.1,841.74,764.13,2680000000,1453880064,62.7014,47.5768
2000-07-02,782.28,830.8,779.39,821.22,760.72,2050000000,1361213312,73.292,45.5005
2000-06-25,748.47,804.2,744.9,778.94,762.07,1770000000,1331880064,84.0081,41.0319
2000-06-18,851.06,858.34,753.96,759.04,768.9,2080000000,1327880064,96.3621,38.8403
2000-06-11,778.48,842.13,778.48,836.4,779.75,2130000000,1266546688,92.3532,44.8587
2000-06-04,627.4,776.49,625.14,760.69,781.35,1950000000,1212546688,97.8098,35.8213
2000-05-28,715.55,718.3,643.97,656.66,792.24,1430000000,1158546688,71.0397,18.852
2000-05-21,737.21,769.01,695.73,730.68,812.09,982360000,1147880064,63.2045,22.8425
2000-05-14,759.15,778.46,737.07,740.3,823.26,759150016,1161056000,58.1668,23.4413
2000-05-07,731.76,760.99,729.84,751.29,834.83,565980032,,66.5551,
2000-04-30,767.05,770.72,688.36,725.39,851.66,1040000000,,82.0327,
2000-04-23,762.96,781.55,699.22,767.16,870.39,1260000000,,81.8691,
2000-04-16,861.72,880.41,793.74,800.89,,1020000000,,71.9686,
2000-04-09,866.75,876.81,804.15,837.38,,790710016,,64.6179,
2000-04-02,893.13,913.35,860.52,860.94,,1300000000,,60.5969,
2000-03-26,862.68,900.06,838.98,889.24,,1290000000,,64.4804,
2000-03-19,890.87,890.87,820.3,855.57,,1610000000,,66.1806,
2000-03-12,907.56,928.55,883.53,891.36,,1710000000,,63.7409,
2000-03-05,850.36,910.02,810.53,894.83,,1160000000,,73.1014,
2000-02-27,864.61,887.82,835.97,864.76,,1320000000,,59.907,
2000-02-20,932.94,941.23,843.58,879.14,,1140000000,,63.9356,
2000-02-13,953.23,991.71,941.24,953.22,,1270000000,,41.0834,
2000-02-06,924.83,959.31,922.92,950.22,,1180000000,,36.39,
